sweep,family,propulsion,mission,agent,seed,trip_time_days,wear_fraction,constraint_violations,termination_reason_mode,success_rate,status,source_file
my_pilot,electric,hall_hermes,leo_geo_transfer,random,0,365.0,0.1452763985233992,1.0,timeout,0.0,ok,results/my_pilot/results.csv
my_pilot,electric,hall_hermes,leo_geo_transfer,random,1,365.0,0.1437336973682396,1.0,timeout,0.0,ok,results/my_pilot/results.csv
my_pilot,electric,hall_hermes,leo_geo_transfer,random,2,365.0,0.1464631695077601,2.75,timeout,0.0,ok,results/my_pilot/results.csv
my_pilot,electric,hall_hermes,leo_geo_transfer,max_thrust,0,365.0,0.5847440714450024,874.5,timeout,0.0,ok,results/my_pilot/results.csv
my_pilot,electric,hall_hermes,leo_geo_transfer,max_thrust,1,365.0,0.5983822241372824,609.5,timeout,0.0,ok,results/my_pilot/results.csv
my_pilot,electric,hall_hermes,leo_geo_transfer,max_thrust,2,365.0,0.5823502680413706,828.25,timeout,0.0,ok,results/my_pilot/results.csv
my_pilot,electric,hall_hermes,leo_geo_transfer,prograde,0,365.0,0.322965462478344,551.25,timeout,0.0,ok,results/my_pilot/results.csv
my_pilot,electric,hall_hermes,leo_geo_transfer,prograde,1,365.0,0.3371001092621787,213.75,timeout,0.0,ok,results/my_pilot/results.csv
my_pilot,electric,hall_hermes,leo_geo_transfer,prograde,2,365.0,0.3276305341153884,507.25,timeout,0.0,ok,results/my_pilot/results.csv
my_pilot,electric,hall_hermes,leo_geo_transfer,edelbaum,0,365.0,0.2842210975736008,860.0,timeout,0.0,ok,results/my_pilot/results.csv
my_pilot,electric,hall_hermes,leo_geo_transfer,edelbaum,1,365.0,0.2935429412027198,471.5,timeout,0.0,ok,results/my_pilot/results.csv
my_pilot,electric,hall_hermes,leo_geo_transfer,edelbaum,2,365.0,0.2928766257402162,700.75,timeout,0.0,ok,results/my_pilot/results.csv
my_pilot,electric,hall_hermes,leo_geo_transfer,ppo,0,365.0,0.1610017991636166,1336.0,timeout,0.0,ok,results/my_pilot/results.csv
my_pilot,electric,hall_hermes,leo_geo_transfer,ppo,1,365.0,0.1567818790763646,1346.5,timeout,0.0,ok,results/my_pilot/results.csv
my_pilot,electric,hall_hermes,leo_geo_transfer,ppo,2,365.0,0.163296206761243,1365.0,timeout,0.0,ok,results/my_pilot/results.csv
my_pilot,electric,hall_hermes,leo_geo_transfer,sac,0,365.0,0.1626210052524684,1356.5,timeout,0.0,ok,results/my_pilot/results.csv
my_pilot,electric,hall_hermes,leo_geo_transfer,sac,1,365.0,0.1596328381756156,1376.5,timeout,0.0,ok,results/my_pilot/results.csv
my_pilot,electric,hall_spt100,leo_geo_transfer,max_thrust,1,365.0,0.9488993642880932,0.0,timeout,0.0,ok,results/my_pilot/results.csv
my_pilot,electric,hall_spt100,leo_geo_transfer,prograde,0,365.0,0.8550277777777778,0.0,timeout,0.0,ok,results/my_pilot/results.csv
my_pilot,electric,hall_spt100,leo_geo_transfer,prograde,1,365.0,0.8449722222222222,0.0,timeout,0.0,ok,results/my_pilot/results.csv
my_pilot,electric,hall_spt100,leo_geo_transfer,prograde,2,365.0,0.8579444444444444,0.0,timeout,0.0,ok,results/my_pilot/results.csv
my_pilot,electric,hall_spt100,leo_geo_transfer,edelbaum,0,365.0,0.8579166666666667,0.0,timeout,0.0,ok,results/my_pilot/results.csv
my_pilot,electric,hall_hermes,leo_geo_transfer,random,5,365.0,0.1471108712398394,3.5,timeout,0.0,ok,results/my_pilot/results.csv
my_pilot,electric,hall_hermes,leo_geo_transfer,random,6,365.0,0.1435766397840431,1.75,timeout,0.0,ok,results/my_pilot/results.csv
my_pilot,electric,hall_hermes,leo_geo_transfer,random,4,365.0,0.1446824087113547,1.5,timeout,0.0,ok,results/my_pilot/results.csv
my_pilot,electric,hall_hermes,leo_geo_transfer,random,3,365.0,0.1474797744269139,6.25,timeout,0.0,ok,results/my_pilot/results.csv
my_pilot,electric,hall_hermes,leo_geo_transfer,max_thrust,3,365.0,0.5765612197028642,950.25,timeout,0.0,ok,results/my_pilot/results.csv
my_pilot,electric,hall_hermes,leo_geo_transfer,max_thrust,4,365.0,0.5874420394232691,696.75,timeout,0.0,ok,results/my_pilot/results.csv
my_pilot,electric,hall_hermes,leo_geo_transfer,max_thrust,5,365.0,0.5823818604161515,946.25,timeout,0.0,ok,results/my_pilot/results.csv
my_pilot,electric,hall_hermes,leo_geo_transfer,random,7,365.0,0.1457680941077496,4.0,timeout,0.0,ok,results/my_pilot/results.csv
my_pilot,electric,hall_hermes,leo_geo_transfer,max_thrust,6,365.0,0.5765426238472624,773.0,timeout,0.0,ok,results/my_pilot/results.csv
my_pilot,electric,hall_hermes,leo_geo_transfer,max_thrust,7,365.0,0.5641443363778004,867.75,timeout,0.0,ok,results/my_pilot/results.csv
my_pilot,electric,hall_hermes,leo_geo_transfer,prograde,3,365.0,0.3194719219743436,671.75,timeout,0.0,ok,results/my_pilot/results.csv
my_pilot,electric,hall_hermes,leo_geo_transfer,prograde,4,365.0,0.3249854086846915,330.0,timeout,0.0,ok,results/my_pilot/results.csv
my_pilot,electric,hall_hermes,leo_geo_transfer,prograde,5,365.0,0.326981724833465,654.25,timeout,0.0,ok,results/my_pilot/results.csv
my_pilot,electric,hall_hermes,leo_geo_transfer,prograde,6,365.0,0.3218366045029375,460.25,timeout,0.0,ok,results/my_pilot/results.csv
my_pilot,electric,hall_hermes,leo_geo_transfer,prograde,7,365.0,0.3141288400030879,609.5,timeout,0.0,ok,results/my_pilot/results.csv
my_pilot,electric,hall_hermes,leo_geo_transfer,edelbaum,3,365.0,0.285013028181511,1141.25,timeout,0.0,ok,results/my_pilot/results.csv
my_pilot,electric,hall_hermes,leo_geo_transfer,edelbaum,4,365.0,0.2897561493597184,650.75,timeout,0.0,ok,results/my_pilot/results.csv
my_pilot,electric,hall_hermes,leo_geo_transfer,edelbaum,5,365.0,0.2913013844168363,616.75,timeout,0.0,ok,results/my_pilot/results.csv
my_pilot,electric,hall_hermes,leo_geo_transfer,edelbaum,6,365.0,0.2863042703494441,570.25,timeout,0.0,ok,results/my_pilot/results.csv
my_pilot,electric,hall_hermes,leo_geo_transfer,edelbaum,7,365.0,0.2792670532513656,994.75,timeout,0.0,ok,results/my_pilot/results.csv
my_pilot,electric,hall_hermes,leo_geo_transfer,ppo,3,365.0,0.1641579678487184,1364.5,timeout,0.0,ok,results/my_pilot/results.csv
my_pilot,electric,hall_hermes,leo_geo_transfer,ppo,4,365.0,0.1574574356387756,1342.0,timeout,0.0,ok,results/my_pilot/results.csv
my_pilot,electric,hall_hermes,leo_geo_transfer,ppo,5,365.0,0.1665924352100206,1363.25,timeout,0.0,ok,results/my_pilot/results.csv
my_pilot,electric,hall_hermes,leo_geo_transfer,ppo,6,365.0,0.1573037454179068,1316.25,timeout,0.0,ok,results/my_pilot/results.csv
my_pilot,electric,hall_hermes,leo_geo_transfer,ppo,7,365.0,0.1612202884378656,1347.25,timeout,0.0,ok,results/my_pilot/results.csv
my_pilot,electric,hall_hermes,leo_geo_transfer,sac,4,365.0,0.1585130683007499,1351.25,timeout,0.0,ok,results/my_pilot/results.csv
my_pilot,electric,hall_hermes,leo_geo_transfer,sac,3,365.0,0.1653865340888998,1375.25,timeout,0.0,ok,results/my_pilot/results.csv
my_pilot,electric,hall_hermes,leo_geo_transfer,sac,2,365.0,0.1649174540642807,1381.5,timeout,0.0,ok,results/my_pilot/results.csv
my_pilot,electric,hall_spt100,leo_geo_transfer,random,0,365.0,0.9105833333333332,0.0,timeout,0.0,ok,results/my_pilot/results.csv
my_pilot,electric,hall_spt100,leo_geo_transfer,random,1,365.0,0.9056388888888888,0.0,timeout,0.0,ok,results/my_pilot/results.csv
my_pilot,electric,hall_spt100,leo_geo_transfer,random,2,365.0,0.9168888888888888,0.0,timeout,0.0,ok,results/my_pilot/results.csv
my_pilot,electric,hall_spt100,leo_geo_transfer,random,3,365.0,0.9206388888888888,0.0,timeout,0.0,ok,results/my_pilot/results.csv
my_pilot,electric,hall_spt100,leo_geo_transfer,random,4,365.0,0.9024166666666666,0.0,timeout,0.0,ok,results/my_pilot/results.csv
my_pilot,electric,hall_hermes,leo_geo_transfer,sac,5,365.0,0.1686102466147783,1384.75,timeout,0.0,ok,results/my_pilot/results.csv
my_pilot,electric,hall_spt100,leo_geo_transfer,random,5,365.0,0.9220833333333334,0.0,timeout,0.0,ok,results/my_pilot/results.csv
my_pilot,electric,hall_spt100,leo_geo_transfer,random,6,365.0,0.9078888888888887,0.0,timeout,0.0,ok,results/my_pilot/results.csv
my_pilot,electric,hall_spt100,leo_geo_transfer,random,7,365.0,0.9126111111111112,0.0,timeout,0.0,ok,results/my_pilot/results.csv
my_pilot,electric,hall_spt100,leo_geo_transfer,max_thrust,0,365.0,0.9398254012779496,0.0,timeout,0.0,ok,results/my_pilot/results.csv
my_pilot,electric,hall_spt100,leo_geo_transfer,max_thrust,2,365.0,0.9466158576501472,0.0,timeout,0.0,ok,results/my_pilot/results.csv
my_pilot,electric,hall_spt100,leo_geo_transfer,max_thrust,3,365.0,0.9453972259012564,0.0,timeout,0.0,ok,results/my_pilot/results.csv
my_pilot,electric,hall_spt100,leo_geo_transfer,max_thrust,4,365.0,0.940770169737744,0.0,timeout,0.0,ok,results/my_pilot/results.csv
my_pilot,electric,hall_spt100,leo_geo_transfer,max_thrust,5,365.0,0.9541048514206156,0.0,timeout,0.0,ok,results/my_pilot/results.csv
my_pilot,electric,hall_spt100,leo_geo_transfer,max_thrust,6,365.0,0.9374738861875698,0.0,timeout,0.0,ok,results/my_pilot/results.csv
my_pilot,electric,hall_spt100,leo_geo_transfer,max_thrust,7,365.0,0.9346499647578396,0.0,timeout,0.0,ok,results/my_pilot/results.csv
my_pilot,electric,hall_spt100,leo_geo_transfer,prograde,3,365.0,0.8597222222222223,0.0,timeout,0.0,ok,results/my_pilot/results.csv
my_pilot,electric,hall_spt100,leo_geo_transfer,prograde,4,365.0,0.8453055555555555,0.0,timeout,0.0,ok,results/my_pilot/results.csv
my_pilot,electric,hall_spt100,leo_geo_transfer,prograde,5,365.0,0.8674166666666667,0.0,timeout,0.0,ok,results/my_pilot/results.csv
my_pilot,electric,hall_spt100,leo_geo_transfer,prograde,6,365.0,0.8519722222222221,0.0,timeout,0.0,ok,results/my_pilot/results.csv
my_pilot,electric,hall_spt100,leo_geo_transfer,prograde,7,365.0,0.8543611111111111,0.0,timeout,0.0,ok,results/my_pilot/results.csv
my_pilot,electric,hall_spt100,leo_geo_transfer,edelbaum,1,365.0,0.8518333333333333,0.0,timeout,0.0,ok,results/my_pilot/results.csv
my_pilot,electric,hall_spt100,leo_geo_transfer,edelbaum,2,365.0,0.862111111111111,0.0,timeout,0.0,ok,results/my_pilot/results.csv
my_pilot,electric,hall_spt100,leo_geo_transfer,edelbaum,3,365.0,0.8655555555555556,0.0,timeout,0.0,ok,results/my_pilot/results.csv
my_pilot,electric,hall_spt100,leo_geo_transfer,edelbaum,4,365.0,0.8521111111111112,0.0,timeout,0.0,ok,results/my_pilot/results.csv
my_pilot,electric,hall_spt100,leo_geo_transfer,edelbaum,5,365.0,0.8726388888888889,0.0,timeout,0.0,ok,results/my_pilot/results.csv
my_pilot,electric,hall_spt100,leo_geo_transfer,edelbaum,6,365.0,0.8561944444444444,0.0,timeout,0.0,ok,results/my_pilot/results.csv
my_pilot,electric,hall_spt100,leo_geo_transfer,edelbaum,7,365.0,0.8597777777777778,0.0,timeout,0.0,ok,results/my_pilot/results.csv
my_pilot,electric,hall_hermes,leo_geo_transfer,sac,6,365.0,0.1598096877654721,1341.5,timeout,0.0,ok,results/my_pilot/results.csv
my_pilot,electric,hall_hermes,leo_geo_transfer,sac,7,365.0,0.1632301847716991,1370.0,timeout,0.0,ok,results/my_pilot/results.csv
my_pilot,electric,hall_spt100,leo_geo_transfer,ppo,1,365.0,0.1828055555555555,0.0,timeout,0.0,ok,results/my_pilot/results.csv
my_pilot,electric,hall_spt100,leo_geo_transfer,ppo,0,365.0,0.5182222222222221,0.0,timeout,0.0,ok,results/my_pilot/results.csv
my_pilot,electric,hall_spt100,leo_geo_transfer,ppo,2,365.0,0.3318611111111111,0.0,timeout,0.0,ok,results/my_pilot/results.csv
my_pilot,electric,hall_spt100,leo_geo_transfer,ppo,3,365.0,0.2339999999999999,0.0,timeout,0.0,ok,results/my_pilot/results.csv
my_pilot,electric,hall_spt100,leo_geo_transfer,ppo,5,365.0,0.3101944444444444,0.0,timeout,0.0,ok,results/my_pilot/results.csv
my_pilot,electric,hall_spt100,leo_geo_transfer,ppo,4,365.0,0.1293333333333333,0.0,timeout,0.0,ok,results/my_pilot/results.csv
my_pilot,electric,hall_spt100,leo_geo_transfer,ppo,6,365.0,0.3036388888888889,0.0,timeout,0.0,ok,results/my_pilot/results.csv
my_pilot,electric,hall_spt100,leo_geo_transfer,ppo,7,365.0,0.7819166666666667,0.0,timeout,0.0,ok,results/my_pilot/results.csv
my_pilot,electric,hall_spt100,leo_geo_transfer,sac,0,365.0,0.9608888888888888,0.0,timeout,0.0,ok,results/my_pilot/results.csv
my_pilot,electric,hall_spt100,leo_geo_transfer,sac,1,365.0,0.6151111111111112,0.0,timeout,0.0,ok,results/my_pilot/results.csv
my_pilot,electric,hall_spt100,leo_geo_transfer,sac,2,365.0,0.9616666666666668,0.0,timeout,0.0,ok,results/my_pilot/results.csv
my_pilot,electric,hall_spt100,leo_geo_transfer,sac,3,365.0,0.6870277777777778,0.0,timeout,0.0,ok,results/my_pilot/results.csv
my_pilot,electric,hall_spt100,leo_geo_transfer,sac,4,365.0,0.959,0.0,timeout,0.0,ok,results/my_pilot/results.csv
my_pilot,electric,hall_spt100,leo_geo_transfer,sac,5,365.0,0.0143055555555555,0.0,timeout,0.0,ok,results/my_pilot/results.csv
my_pilot,electric,ion_next,leo_geo_transfer,random,0,365.0,0.1097395833333333,542.5,timeout,0.0,ok,results/my_pilot/results.csv
my_pilot,electric,ion_next,leo_geo_transfer,random,1,365.0,0.1095989583333333,439.5,timeout,0.0,ok,results/my_pilot/results.csv
my_pilot,electric,hall_spt100,leo_geo_transfer,sac,6,365.0,0.9595,0.0,timeout,0.0,ok,results/my_pilot/results.csv
my_pilot,electric,ion_next,leo_geo_transfer,random,2,365.0,0.110375,536.0,timeout,0.0,ok,results/my_pilot/results.csv
my_pilot,electric,ion_next,leo_geo_transfer,random,3,365.0,0.1101406249999999,584.0,timeout,0.0,ok,results/my_pilot/results.csv
my_pilot,electric,ion_next,leo_geo_transfer,random,4,365.0,0.1093802083333333,475.75,timeout,0.0,ok,results/my_pilot/results.csv
my_pilot,electric,hall_spt100,leo_geo_transfer,sac,7,365.0,0.9608333333333332,0.0,timeout,0.0,ok,results/my_pilot/results.csv
my_pilot,electric,ion_next,leo_geo_transfer,random,5,365.0,0.11053125,539.5,timeout,0.0,ok,results/my_pilot/results.csv
my_pilot,electric,ion_next,leo_geo_transfer,random,6,365.0,0.1091875,542.75,timeout,0.0,ok,results/my_pilot/results.csv
my_pilot,electric,ion_next,leo_geo_transfer,random,7,365.0,0.1095833333333333,569.25,timeout,0.0,ok,results/my_pilot/results.csv
my_pilot,electric,ion_next,leo_geo_transfer,max_thrust,0,365.0,0.1159999999999999,0.0,timeout,0.0,ok,results/my_pilot/results.csv
my_pilot,electric,ion_next,leo_geo_transfer,max_thrust,1,365.0,0.1147916666666666,0.0,timeout,0.0,ok,results/my_pilot/results.csv
my_pilot,electric,ion_next,leo_geo_transfer,max_thrust,2,365.0,0.1169479166666666,0.0,timeout,0.0,ok,results/my_pilot/results.csv
my_pilot,electric,ion_next,leo_geo_transfer,max_thrust,3,365.0,0.11703125,0.0,timeout,0.0,ok,results/my_pilot/results.csv
my_pilot,electric,ion_next,leo_geo_transfer,max_thrust,4,365.0,0.1149791666666666,0.0,timeout,0.0,ok,results/my_pilot/results.csv
my_pilot,electric,ion_next,leo_geo_transfer,max_thrust,5,365.0,0.1175208333333333,0.0,timeout,0.0,ok,results/my_pilot/results.csv
my_pilot,electric,ion_next,leo_geo_transfer,max_thrust,6,365.0,0.1151979166666666,0.0,timeout,0.0,ok,results/my_pilot/results.csv
my_pilot,electric,ion_next,leo_geo_transfer,max_thrust,7,365.0,0.1158802083333333,0.0,timeout,0.0,ok,results/my_pilot/results.csv
my_pilot,electric,ion_next,leo_geo_transfer,prograde,0,365.0,0.1190624287365981,3237.5,timeout,0.0,ok,results/my_pilot/results.csv
my_pilot,electric,ion_next,leo_geo_transfer,prograde,1,365.0,0.1292909586118758,1744.0,timeout,0.0,ok,results/my_pilot/results.csv
my_pilot,electric,ion_next,leo_geo_transfer,prograde,3,365.0,0.1182565926172246,2924.5,timeout,0.0,ok,results/my_pilot/results.csv
my_pilot,electric,ion_next,leo_geo_transfer,prograde,2,365.0,0.1206762252316415,2840.0,timeout,0.0,ok,results/my_pilot/results.csv
my_pilot,electric,ion_next,leo_geo_transfer,prograde,4,365.0,0.1256421739963822,2537.25,timeout,0.0,ok,results/my_pilot/results.csv
my_pilot,electric,ion_next,leo_geo_transfer,prograde,5,365.0,0.119186667864761,3528.5,timeout,0.0,ok,results/my_pilot/results.csv
my_pilot,electric,ion_next,leo_geo_transfer,prograde,6,365.0,0.1211877613732865,2796.25,timeout,0.0,ok,results/my_pilot/results.csv
my_pilot,electric,ion_next,leo_geo_transfer,prograde,7,365.0,0.1150289447591362,3134.5,timeout,0.0,ok,results/my_pilot/results.csv
my_pilot,electric,ion_next,leo_geo_transfer,edelbaum,0,365.0,0.1090374095037668,3648.25,timeout,0.0,ok,results/my_pilot/results.csv
my_pilot,electric,ion_next,leo_geo_transfer,edelbaum,1,365.0,0.1099269416951954,3664.0,timeout,0.0,ok,results/my_pilot/results.csv
my_pilot,electric,ion_next,leo_geo_transfer,edelbaum,2,365.0,0.1092316788553119,3654.75,timeout,0.0,ok,results/my_pilot/results.csv
my_pilot,electric,ion_next,leo_geo_transfer,edelbaum,3,365.0,0.1090747689944486,3649.5,timeout,0.0,ok,results/my_pilot/results.csv
my_pilot,electric,ion_next,leo_geo_transfer,edelbaum,4,365.0,0.1092316788553119,3654.75,timeout,0.0,ok,results/my_pilot/results.csv
my_pilot,electric,ion_next,leo_geo_transfer,edelbaum,5,365.0,0.1086563426988129,3635.5,timeout,0.0,ok,results/my_pilot/results.csv
my_pilot,electric,ion_next,leo_geo_transfer,edelbaum,6,365.0,0.1090598251981759,3649.0,timeout,0.0,ok,results/my_pilot/results.csv
my_pilot,electric,ion_next,leo_geo_transfer,edelbaum,7,365.0,0.1092316788553119,3654.75,timeout,0.0,ok,results/my_pilot/results.csv
my_pilot,electric,ion_next,leo_geo_transfer,ppo,0,365.0,0.123625,0.0,timeout,0.0,ok,results/my_pilot/results.csv
my_pilot,electric,ion_next,leo_geo_transfer,ppo,1,365.0,0.122484375,0.0,timeout,0.0,ok,results/my_pilot/results.csv
my_pilot,electric,ion_next,leo_geo_transfer,ppo,3,365.0,0.1258125,0.0,timeout,0.0,ok,results/my_pilot/results.csv
my_pilot,electric,ion_next,leo_geo_transfer,ppo,2,365.0,0.1255,0.0,timeout,0.0,ok,results/my_pilot/results.csv
my_pilot,electric,ion_next,leo_geo_transfer,ppo,4,365.0,0.122328125,0.0,timeout,0.0,ok,results/my_pilot/results.csv
my_pilot,electric,ion_next,leo_geo_transfer,ppo,6,365.0,0.1230729166666666,0.0,timeout,0.0,ok,results/my_pilot/results.csv
my_pilot,electric,ion_next,leo_geo_transfer,ppo,5,365.0,0.1268125,0.0,timeout,0.0,ok,results/my_pilot/results.csv
my_pilot,electric,ion_next,leo_geo_transfer,ppo,7,365.0,0.124234375,0.0,timeout,0.0,ok,results/my_pilot/results.csv
my_pilot,electric,ion_next,leo_geo_transfer,sac,0,365.0,0.1241458333333333,0.0,timeout,0.0,ok,results/my_pilot/results.csv
my_pilot,electric,ion_next,leo_geo_transfer,sac,1,365.0,0.1223802083333333,0.0,timeout,0.0,ok,results/my_pilot/results.csv
my_pilot,electric,ion_next,leo_geo_transfer,sac,2,365.0,0.1255520833333333,0.0,timeout,0.0,ok,results/my_pilot/results.csv
my_pilot,electric,ion_next,leo_geo_transfer,sac,3,365.0,0.1260260416666666,0.0,timeout,0.0,ok,results/my_pilot/results.csv
my_pilot,electric,ion_next,leo_geo_transfer,sac,4,365.0,0.1226041666666666,0.0,timeout,0.0,ok,results/my_pilot/results.csv
my_pilot,electric,ion_next,leo_geo_transfer,sac,7,365.0,0.1242083333333333,0.0,timeout,0.0,ok,results/my_pilot/results.csv
my_pilot,electric,ion_next,leo_geo_transfer,sac,6,365.0,0.1232604166666666,0.0,timeout,0.0,ok,results/my_pilot/results.csv
my_pilot,electric,ion_next,leo_geo_transfer,sac,5,365.0,0.1270104166666666,0.0,timeout,0.0,ok,results/my_pilot/results.csv
my_pilot,electric,ion_nstar,leo_geo_transfer,random,0,365.0,0.2480583333333333,613.0,timeout,0.0,ok,results/my_pilot/results.csv
my_pilot,electric,ion_nstar,leo_geo_transfer,random,1,365.0,0.2484166666666666,489.0,timeout,0.0,ok,results/my_pilot/results.csv
my_pilot,electric,ion_nstar,leo_geo_transfer,random,2,365.0,0.2493249999999999,623.0,timeout,0.0,ok,results/my_pilot/results.csv
my_pilot,electric,ion_nstar,leo_geo_transfer,random,3,365.0,0.2490583333333333,678.25,timeout,0.0,ok,results/my_pilot/results.csv
my_pilot,electric,ion_nstar,leo_geo_transfer,random,4,365.0,0.2473416666666666,539.0,timeout,0.0,ok,results/my_pilot/results.csv
my_pilot,electric,ion_nstar,leo_geo_transfer,random,5,365.0,0.2516166666666666,621.75,timeout,0.0,ok,results/my_pilot/results.csv
my_pilot,electric,ion_nstar,leo_geo_transfer,random,6,365.0,0.2470166666666666,595.75,timeout,0.0,ok,results/my_pilot/results.csv
my_pilot,electric,ion_nstar,leo_geo_transfer,random,7,365.0,0.2462083333333333,672.0,timeout,0.0,ok,results/my_pilot/results.csv
my_pilot,electric,ion_nstar,leo_geo_transfer,max_thrust,0,365.0,0.2589666666666667,0.0,timeout,0.0,ok,results/my_pilot/results.csv
my_pilot,electric,ion_nstar,leo_geo_transfer,max_thrust,1,365.0,0.2572416666666666,0.0,timeout,0.0,ok,results/my_pilot/results.csv
my_pilot,electric,ion_nstar,leo_geo_transfer,max_thrust,2,365.0,0.260625,0.0,timeout,0.0,ok,results/my_pilot/results.csv
my_pilot,electric,ion_nstar,leo_geo_transfer,max_thrust,3,365.0,0.26215,0.0,timeout,0.0,ok,results/my_pilot/results.csv
my_pilot,electric,ion_nstar,leo_geo_transfer,max_thrust,4,365.0,0.25805,0.0,timeout,0.0,ok,results/my_pilot/results.csv
my_pilot,electric,ion_nstar,leo_geo_transfer,max_thrust,5,365.0,0.263575,0.0,timeout,0.0,ok,results/my_pilot/results.csv
my_pilot,electric,ion_nstar,leo_geo_transfer,max_thrust,6,365.0,0.2588833333333333,0.0,timeout,0.0,ok,results/my_pilot/results.csv
my_pilot,electric,ion_nstar,leo_geo_transfer,prograde,0,365.0,0.1849416666666666,3304.5,timeout,0.0,ok,results/my_pilot/results.csv
my_pilot,electric,ion_nstar,leo_geo_transfer,max_thrust,7,365.0,0.25915,0.0,timeout,0.0,ok,results/my_pilot/results.csv
my_pilot,electric,ion_nstar,leo_geo_transfer,prograde,1,365.0,0.1911833333333333,3420.75,timeout,0.0,ok,results/my_pilot/results.csv
my_pilot,electric,ion_nstar,leo_geo_transfer,prograde,2,365.0,0.1861166666666666,3333.75,timeout,0.0,ok,results/my_pilot/results.csv
my_pilot,electric,ion_nstar,leo_geo_transfer,prograde,3,365.0,0.1847416666666667,3321.0,timeout,0.0,ok,results/my_pilot/results.csv
my_pilot,electric,ion_nstar,leo_geo_transfer,prograde,4,365.0,0.1872166666666666,3361.0,timeout,0.0,ok,results/my_pilot/results.csv
my_pilot,electric,ion_nstar,leo_geo_transfer,prograde,5,365.0,0.1849416666666666,3275.5,timeout,0.0,ok,results/my_pilot/results.csv
my_pilot,electric,ion_nstar,leo_geo_transfer,prograde,6,365.0,0.18445,3302.5,timeout,0.0,ok,results/my_pilot/results.csv
my_pilot,electric,ion_nstar,leo_geo_transfer,prograde,7,365.0,0.1844583333333333,3300.5,timeout,0.0,ok,results/my_pilot/results.csv
my_pilot,electric,ion_nstar,leo_geo_transfer,edelbaum,0,365.0,0.1838083333333333,3308.25,timeout,0.0,ok,results/my_pilot/results.csv
my_pilot,electric,ion_nstar,leo_geo_transfer,edelbaum,1,365.0,0.1894666666666666,3311.75,timeout,0.0,ok,results/my_pilot/results.csv
my_pilot,electric,ion_nstar,leo_geo_transfer,edelbaum,2,365.0,0.18515,3314.5,timeout,0.0,ok,results/my_pilot/results.csv
my_pilot,electric,ion_nstar,leo_geo_transfer,edelbaum,3,365.0,0.1853416666666666,3307.25,timeout,0.0,ok,results/my_pilot/results.csv
my_pilot,electric,ion_nstar,leo_geo_transfer,edelbaum,4,365.0,0.187075,3295.0,timeout,0.0,ok,results/my_pilot/results.csv
my_pilot,electric,ion_nstar,leo_geo_transfer,edelbaum,5,365.0,0.1838416666666666,3281.5,timeout,0.0,ok,results/my_pilot/results.csv
my_pilot,electric,ion_nstar,leo_geo_transfer,edelbaum,6,365.0,0.1851833333333333,3330.75,timeout,0.0,ok,results/my_pilot/results.csv
my_pilot,electric,ion_nstar,leo_geo_transfer,edelbaum,7,365.0,0.18295,3296.75,timeout,0.0,ok,results/my_pilot/results.csv
my_pilot,electric,ion_nstar,leo_geo_transfer,ppo,0,365.0,0.2610333333333333,0.0,timeout,0.0,ok,results/my_pilot/results.csv
my_pilot,electric,ion_nstar,leo_geo_transfer,ppo,1,365.0,0.259025,0.0,timeout,0.0,ok,results/my_pilot/results.csv
my_pilot,electric,ion_nstar,leo_geo_transfer,ppo,3,365.0,0.263,0.0,timeout,0.0,ok,results/my_pilot/results.csv
my_pilot,electric,ion_nstar,leo_geo_transfer,ppo,2,365.0,0.261525,2.5,timeout,0.0,ok,results/my_pilot/results.csv
my_pilot,electric,ion_nstar,leo_geo_transfer,ppo,4,365.0,0.2588083333333333,0.0,timeout,0.0,ok,results/my_pilot/results.csv
my_pilot,electric,ion_nstar,leo_geo_transfer,ppo,6,365.0,0.26005,0.0,timeout,0.0,ok,results/my_pilot/results.csv
my_pilot,electric,ion_nstar,leo_geo_transfer,ppo,7,365.0,0.2604333333333333,0.0,timeout,0.0,ok,results/my_pilot/results.csv
my_pilot,electric,ion_nstar,leo_geo_transfer,ppo,5,365.0,0.2642833333333333,0.0,timeout,0.0,ok,results/my_pilot/results.csv
my_pilot,electric,ion_nstar,leo_geo_transfer,sac,0,365.0,0.26125,0.0,timeout,0.0,ok,results/my_pilot/results.csv
my_pilot,electric,ion_nstar,leo_geo_transfer,sac,1,365.0,0.2586916666666666,0.0,timeout,0.0,ok,results/my_pilot/results.csv
my_pilot,electric,ion_nstar,leo_geo_transfer,sac,3,365.0,0.2628,0.0,timeout,0.0,ok,results/my_pilot/results.csv
my_pilot,electric,ion_nstar,leo_geo_transfer,sac,2,365.0,0.2625,0.0,timeout,0.0,ok,results/my_pilot/results.csv
my_pilot,electric,ion_nstar,leo_geo_transfer,sac,4,365.0,0.259075,0.0,timeout,0.0,ok,results/my_pilot/results.csv
my_pilot,electric,ion_nstar,leo_geo_transfer,sac,5,365.0,0.2643666666666666,0.0,timeout,0.0,ok,results/my_pilot/results.csv
my_pilot,nuclear,nep_kilopower,leo_geo_transfer,random,0,241.54166666666669,0.1666893361494228,0.0,out_of_propellant,0.0,ok,results/my_pilot/results.csv
my_pilot,electric,ion_nstar,leo_geo_transfer,sac,7,365.0,0.26095,0.0,timeout,0.0,ok,results/my_pilot/results.csv
my_pilot,electric,ion_nstar,leo_geo_transfer,sac,6,365.0,0.2603,0.0,timeout,0.0,ok,results/my_pilot/results.csv
my_pilot,nuclear,nep_kilopower,leo_geo_transfer,random,1,245.625,0.1666837518228001,0.0,out_of_propellant,0.0,ok,results/my_pilot/results.csv
my_pilot,nuclear,nep_kilopower,leo_geo_transfer,random,2,245.79166666666663,0.1666998564604706,0.0,out_of_propellant,0.0,ok,results/my_pilot/results.csv
my_pilot,nuclear,nep_kilopower,leo_geo_transfer,random,3,245.10416666666663,0.1666844877921099,0.0,out_of_propellant,0.0,ok,results/my_pilot/results.csv
my_pilot,nuclear,nep_kilopower,leo_geo_transfer,random,4,244.62500000000003,0.1666965118267744,0.0,out_of_propellant,0.0,ok,results/my_pilot/results.csv
my_pilot,nuclear,nep_kilopower,leo_geo_transfer,max_thrust,0,47.583333333333336,0.1667359643284462,0.0,out_of_propellant,0.0,ok,results/my_pilot/results.csv
my_pilot,nuclear,nep_kilopower,leo_geo_transfer,random,5,246.19791666666663,0.1667111360103538,0.0,out_of_propellant,0.0,ok,results/my_pilot/results.csv
my_pilot,nuclear,nep_kilopower,leo_geo_transfer,random,6,247.54166666666663,0.1666788719604811,0.0,out_of_propellant,0.0,ok,results/my_pilot/results.csv
my_pilot,nuclear,nep_kilopower,leo_geo_transfer,max_thrust,1,47.583333333333336,0.1667359643284462,0.0,out_of_propellant,0.0,ok,results/my_pilot/results.csv
my_pilot,nuclear,nep_kilopower,leo_geo_transfer,max_thrust,2,47.583333333333336,0.1667359643284462,0.0,out_of_propellant,0.0,ok,results/my_pilot/results.csv
my_pilot,nuclear,nep_kilopower,leo_geo_transfer,max_thrust,3,47.583333333333336,0.1667359643284462,0.0,out_of_propellant,0.0,ok,results/my_pilot/results.csv
my_pilot,nuclear,nep_kilopower,leo_geo_transfer,max_thrust,4,47.583333333333336,0.1667359643284462,0.0,out_of_propellant,0.0,ok,results/my_pilot/results.csv
my_pilot,nuclear,nep_kilopower,leo_geo_transfer,max_thrust,5,47.583333333333336,0.1667359643284462,0.0,out_of_propellant,0.0,ok,results/my_pilot/results.csv
my_pilot,nuclear,nep_kilopower,leo_geo_transfer,max_thrust,6,47.583333333333336,0.1667359643284462,0.0,out_of_propellant,0.0,ok,results/my_pilot/results.csv
my_pilot,nuclear,nep_kilopower,leo_geo_transfer,random,7,242.52083333333331,0.1666824500640576,0.0,out_of_propellant,0.0,ok,results/my_pilot/results.csv
my_pilot,nuclear,nep_kilopower,leo_geo_transfer,max_thrust,7,47.583333333333336,0.1667359643284462,0.0,out_of_propellant,0.0,ok,results/my_pilot/results.csv
my_pilot,nuclear,nep_kilopower,leo_geo_transfer,prograde,0,81.54166666666667,0.1667299585136739,0.0,out_of_propellant,0.0,ok,results/my_pilot/results.csv
my_pilot,nuclear,nep_kilopower,leo_geo_transfer,prograde,1,81.54166666666667,0.1667299585136739,0.0,out_of_propellant,0.0,ok,results/my_pilot/results.csv
my_pilot,nuclear,nep_kilopower,leo_geo_transfer,prograde,3,81.54166666666667,0.1667299585136739,0.0,out_of_propellant,0.0,ok,results/my_pilot/results.csv
my_pilot,nuclear,nep_kilopower,leo_geo_transfer,prograde,2,81.54166666666667,0.1667299585136739,0.0,out_of_propellant,0.0,ok,results/my_pilot/results.csv
my_pilot,nuclear,nep_kilopower,leo_geo_transfer,prograde,4,81.54166666666667,0.1667299585136739,0.0,out_of_propellant,0.0,ok,results/my_pilot/results.csv
my_pilot,nuclear,nep_kilopower,leo_geo_transfer,prograde,5,81.54166666666667,0.1667299585136739,0.0,out_of_propellant,0.0,ok,results/my_pilot/results.csv
my_pilot,nuclear,nep_kilopower,leo_geo_transfer,prograde,6,81.54166666666667,0.1667299585136739,0.0,out_of_propellant,0.0,ok,results/my_pilot/results.csv
my_pilot,nuclear,nep_kilopower,leo_geo_transfer,prograde,7,81.54166666666667,0.1667299585136739,0.0,out_of_propellant,0.0,ok,results/my_pilot/results.csv
my_pilot,nuclear,nep_kilopower,leo_geo_transfer,edelbaum,0,91.58333333333331,0.1666733086651769,0.0,out_of_propellant,0.0,ok,results/my_pilot/results.csv
my_pilot,nuclear,nep_kilopower,leo_geo_transfer,edelbaum,1,91.58333333333331,0.1666733086651769,0.0,out_of_propellant,0.0,ok,results/my_pilot/results.csv
my_pilot,nuclear,nep_kilopower,leo_geo_transfer,edelbaum,2,91.58333333333331,0.1666733086651769,0.0,out_of_propellant,0.0,ok,results/my_pilot/results.csv
my_pilot,nuclear,nep_kilopower,leo_geo_transfer,edelbaum,3,91.58333333333331,0.1666733086651769,0.0,out_of_propellant,0.0,ok,results/my_pilot/results.csv
my_pilot,nuclear,nep_kilopower,leo_geo_transfer,edelbaum,4,91.58333333333331,0.1666733086651769,0.0,out_of_propellant,0.0,ok,results/my_pilot/results.csv
my_pilot,nuclear,nep_kilopower,leo_geo_transfer,edelbaum,5,91.58333333333331,0.1666733086651769,0.0,out_of_propellant,0.0,ok,results/my_pilot/results.csv
my_pilot,nuclear,nep_kilopower,leo_geo_transfer,edelbaum,7,91.58333333333331,0.1666733086651769,0.0,out_of_propellant,0.0,ok,results/my_pilot/results.csv
my_pilot,nuclear,nep_kilopower,leo_geo_transfer,edelbaum,6,91.58333333333331,0.1666733086651769,0.0,out_of_propellant,0.0,ok,results/my_pilot/results.csv
my_pilot,nuclear,nep_kilopower,leo_geo_transfer,ppo,3,365.0,0.1752,26.0,timeout,0.0,ok,results/my_pilot/results.csv
my_pilot,nuclear,nep_kilopower,leo_geo_transfer,ppo,0,365.0,0.1752,34.5,timeout,0.0,ok,results/my_pilot/results.csv
my_pilot,nuclear,nep_kilopower,leo_geo_transfer,ppo,2,365.0,0.1752,44.5,timeout,0.0,ok,results/my_pilot/results.csv
my_pilot,nuclear,nep_kilopower,leo_geo_transfer,ppo,1,365.0,0.1752,32.75,timeout,0.0,ok,results/my_pilot/results.csv
my_pilot,nuclear,nep_kilopower,leo_geo_transfer,ppo,6,365.0,0.1752,18.5,timeout,0.0,ok,results/my_pilot/results.csv
my_pilot,nuclear,nep_kilopower,leo_geo_transfer,ppo,4,365.0,0.1752,51.25,timeout,0.0,ok,results/my_pilot/results.csv
my_pilot,nuclear,nep_kilopower,leo_geo_transfer,ppo,7,365.0,0.1752,42.25,timeout,0.0,ok,results/my_pilot/results.csv
my_pilot,nuclear,nep_kilopower,leo_geo_transfer,ppo,5,365.0,0.1752,0.75,timeout,0.0,ok,results/my_pilot/results.csv
my_pilot,nuclear,nep_kilopower,leo_geo_transfer,sac,2,365.0,0.1752,70.0,timeout,0.0,ok,results/my_pilot/results.csv
my_pilot,nuclear,nep_kilopower,leo_geo_transfer,sac,1,365.0,0.1752,57.75,timeout,0.0,ok,results/my_pilot/results.csv
my_pilot,nuclear,nep_kilopower,leo_geo_transfer,sac,0,365.0,0.1752,59.25,timeout,0.0,ok,results/my_pilot/results.csv
my_pilot,nuclear,nep_kilopower,leo_geo_transfer,sac,3,365.0,0.1752,46.25,timeout,0.0,ok,results/my_pilot/results.csv
my_pilot,nuclear,nep_kilopower,leo_geo_transfer,sac,4,365.0,0.1752,85.0,timeout,0.0,ok,results/my_pilot/results.csv
my_pilot,nuclear,nep_kilopower,leo_geo_transfer,sac,5,365.0,0.1752,14.75,timeout,0.0,ok,results/my_pilot/results.csv
my_pilot,nuclear,nep_kilopower,leo_geo_transfer,sac,7,365.0,0.1752,76.25,timeout,0.0,ok,results/my_pilot/results.csv
my_pilot,nuclear,nep_kilopower,leo_geo_transfer,sac,6,365.0,0.1752,34.75,timeout,0.0,ok,results/my_pilot/results.csv
my_pilot_nuclear,electric,hall_hermes,mars_crew_fast,random,0,220.0,0.140115157597539,0.75,timeout,0.0,ok,results/my_pilot_nuclear/results.csv
my_pilot_nuclear,electric,hall_hermes,mars_crew_fast,max_thrust,0,220.0,0.4617769423133123,125.25,timeout,0.0,ok,results/my_pilot_nuclear/results.csv
my_pilot_nuclear,electric,hall_hermes,mars_crew_fast,prograde,0,220.0,0.2586438191565418,25.0,timeout,0.0,ok,results/my_pilot_nuclear/results.csv
my_pilot_nuclear,electric,hall_hermes,mars_crew_fast,ppo,0,220.0,0.1150579422302756,0.0,timeout,0.0,ok,results/my_pilot_nuclear/results.csv
my_pilot_nuclear,electric,hall_hermes,mars_crew_fast,sac,0,220.0,0.1303873981079091,0.0,timeout,0.0,ok,results/my_pilot_nuclear/results.csv
my_pilot_nuclear,electric,ion_next,mars_crew_fast,random,0,220.0,0.1028489583333333,418.0,timeout,0.0,ok,results/my_pilot_nuclear/results.csv
my_pilot_nuclear,electric,ion_next,mars_crew_fast,max_thrust,0,220.0,0.11,0.0,timeout,0.0,ok,results/my_pilot_nuclear/results.csv
my_pilot_nuclear,electric,ion_next,mars_crew_fast,prograde,0,220.0,0.0998707602967457,1402.75,timeout,0.0,ok,results/my_pilot_nuclear/results.csv
my_pilot_nuclear,electric,ion_next,mars_crew_fast,ppo,0,220.0,0.11,0.0,timeout,0.0,ok,results/my_pilot_nuclear/results.csv
my_pilot_nuclear,electric,ion_next,mars_crew_fast,sac,0,220.0,0.11,0.0,timeout,0.0,ok,results/my_pilot_nuclear/results.csv
my_pilot_nuclear,nuclear,nep_brayton,mars_crew_fast,random,0,220.0,0.6105009017652404,0.0,timeout,0.0,ok,results/my_pilot_nuclear/results.csv
my_pilot_nuclear,nuclear,nep_brayton,mars_crew_fast,max_thrust,0,220.0,0.4727201041444852,0.0,timeout,0.0,ok,results/my_pilot_nuclear/results.csv
my_pilot_nuclear,nuclear,nep_brayton,mars_crew_fast,prograde,0,169.83333333333334,1.0,0.0,hardware_failure,0.0,ok,results/my_pilot_nuclear/results.csv
my_pilot_nuclear,nuclear,nep_brayton,mars_crew_fast,ppo,0,206.94791666666663,1.0,0.0,hardware_failure,0.0,ok,results/my_pilot_nuclear/results.csv
my_pilot_nuclear,nuclear,nep_brayton,mars_crew_fast,sac,0,220.0,0.8446322125690249,0.0,timeout,0.0,ok,results/my_pilot_nuclear/results.csv
my_pilot_nuclear,nuclear,ntp_nerva,mars_crew_fast,random,0,0.0416666666666666,0.025,0.0,out_of_propellant,0.0,ok,results/my_pilot_nuclear/results.csv
my_pilot_nuclear,nuclear,ntp_nerva,mars_crew_fast,max_thrust,0,0.0416666666666666,0.025,0.0,out_of_propellant,0.0,ok,results/my_pilot_nuclear/results.csv
my_pilot_nuclear,nuclear,ntp_nerva,mars_crew_fast,prograde,0,0.0416666666666666,0.025,0.0,out_of_propellant,0.0,ok,results/my_pilot_nuclear/results.csv
my_pilot_nuclear,nuclear,ntp_nerva,mars_crew_fast,ppo,0,0.0416666666666666,0.025,0.0,out_of_propellant,0.0,ok,results/my_pilot_nuclear/results.csv
my_pilot_nuclear,nuclear,ntp_nerva,mars_crew_fast,sac,0,0.0416666666666666,0.025,0.0,out_of_propellant,0.0,ok,results/my_pilot_nuclear/results.csv
my_pilot_nuclear,nuclear,ntp_pewee,mars_crew_fast,random,0,0.1562499999999999,0.0578948533008215,0.0,out_of_propellant,0.0,ok,results/my_pilot_nuclear/results.csv
my_pilot_nuclear,nuclear,ntp_pewee,mars_crew_fast,max_thrust,0,0.0833333333333333,0.0680398727517527,0.0,out_of_propellant,0.0,ok,results/my_pilot_nuclear/results.csv
my_pilot_nuclear,nuclear,ntp_pewee,mars_crew_fast,prograde,0,0.0833333333333333,0.0680398727517527,0.0,out_of_propellant,0.0,ok,results/my_pilot_nuclear/results.csv
my_pilot_nuclear,nuclear,ntp_pewee,mars_crew_fast,ppo,0,0.1145833333333333,0.0455916487406492,0.0,out_of_propellant,0.0,ok,results/my_pilot_nuclear/results.csv
my_pilot_nuclear,nuclear,ntp_pewee,mars_crew_fast,sac,0,0.125,0.0544044927869689,0.0,out_of_propellant,0.0,ok,results/my_pilot_nuclear/results.csv
my_pilot_nuclear,electric,hall_hermes,mars_crew_fast,random,2,220.0,0.1397864904480787,3.25,timeout,0.0,ok,results/my_pilot_nuclear/results.csv
my_pilot_nuclear,electric,hall_hermes,mars_crew_fast,random,3,220.0,0.1403135452326354,2.0,timeout,0.0,ok,results/my_pilot_nuclear/results.csv
my_pilot_nuclear,electric,hall_hermes,mars_crew_fast,random,1,220.0,0.1408438672518767,1.25,timeout,0.0,ok,results/my_pilot_nuclear/results.csv
my_pilot_nuclear,electric,hall_hermes,mars_crew_fast,random,4,220.0,0.139227763089408,3.5,timeout,0.0,ok,results/my_pilot_nuclear/results.csv
my_pilot_nuclear,electric,hall_hermes,mars_crew_fast,random,7,220.0,0.1395182752925687,1.5,timeout,0.0,ok,results/my_pilot_nuclear/results.csv
my_pilot_nuclear,electric,hall_hermes,mars_crew_fast,random,6,220.0,0.1397463711190088,2.25,timeout,0.0,ok,results/my_pilot_nuclear/results.csv
my_pilot_nuclear,electric,hall_hermes,mars_crew_fast,max_thrust,1,220.0,0.4587074402969714,140.0,timeout,0.0,ok,results/my_pilot_nuclear/results.csv
my_pilot_nuclear,electric,hall_hermes,mars_crew_fast,random,5,220.0,0.1399474601589494,3.25,timeout,0.0,ok,results/my_pilot_nuclear/results.csv
my_pilot_nuclear,electric,hall_hermes,mars_crew_fast,max_thrust,2,220.0,0.4419654498772524,272.5,timeout,0.0,ok,results/my_pilot_nuclear/results.csv
my_pilot_nuclear,electric,hall_hermes,mars_crew_fast,max_thrust,3,220.0,0.4484533053144277,212.0,timeout,0.0,ok,results/my_pilot_nuclear/results.csv
my_pilot_nuclear,electric,hall_hermes,mars_crew_fast,max_thrust,4,220.0,0.4393977694185065,282.75,timeout,0.0,ok,results/my_pilot_nuclear/results.csv
my_pilot_nuclear,electric,hall_hermes,mars_crew_fast,max_thrust,5,220.0,0.4304584192109952,338.0,timeout,0.0,ok,results/my_pilot_nuclear/results.csv
my_pilot_nuclear,electric,hall_hermes,mars_crew_fast,max_thrust,7,220.0,0.4423073048952795,259.5,timeout,0.0,ok,results/my_pilot_nuclear/results.csv
my_pilot_nuclear,electric,hall_hermes,mars_crew_fast,max_thrust,6,220.0,0.4433102671989308,257.0,timeout,0.0,ok,results/my_pilot_nuclear/results.csv
my_pilot_nuclear,electric,hall_hermes,mars_crew_fast,prograde,1,220.0,0.2568983967855292,45.25,timeout,0.0,ok,results/my_pilot_nuclear/results.csv
my_pilot_nuclear,electric,hall_hermes,mars_crew_fast,prograde,2,220.0,0.2423049857091559,242.5,timeout,0.0,ok,results/my_pilot_nuclear/results.csv
my_pilot_nuclear,electric,hall_hermes,mars_crew_fast,prograde,3,220.0,0.2537020679621814,88.75,timeout,0.0,ok,results/my_pilot_nuclear/results.csv
my_pilot_nuclear,electric,hall_hermes,mars_crew_fast,prograde,4,220.0,0.2455284949889569,195.25,timeout,0.0,ok,results/my_pilot_nuclear/results.csv
my_pilot_nuclear,electric,hall_hermes,mars_crew_fast,prograde,5,220.0,0.2408820542875565,246.5,timeout,0.0,ok,results/my_pilot_nuclear/results.csv
my_pilot_nuclear,electric,hall_hermes,mars_crew_fast,prograde,6,220.0,0.2471650878430281,169.5,timeout,0.0,ok,results/my_pilot_nuclear/results.csv
my_pilot_nuclear,electric,hall_hermes,mars_crew_fast,prograde,7,220.0,0.2508570884125309,119.0,timeout,0.0,ok,results/my_pilot_nuclear/results.csv
my_pilot_nuclear,electric,hall_hermes,mars_crew_fast,ppo,1,220.0,0.1295236005342647,0.0,timeout,0.0,ok,results/my_pilot_nuclear/results.csv
my_pilot_nuclear,electric,hall_hermes,mars_crew_fast,ppo,3,220.0,0.1056919844815538,0.0,timeout,0.0,ok,results/my_pilot_nuclear/results.csv
my_pilot_nuclear,electric,hall_hermes,mars_crew_fast,ppo,2,220.0,0.1295211832808097,0.0,timeout,0.0,ok,results/my_pilot_nuclear/results.csv
my_pilot_nuclear,electric,hall_hermes,mars_crew_fast,ppo,4,220.0,0.1056,0.0,timeout,0.0,ok,results/my_pilot_nuclear/results.csv
my_pilot_nuclear,electric,hall_hermes,mars_crew_fast,ppo,5,220.0,0.1068034151853189,0.0,timeout,0.0,ok,results/my_pilot_nuclear/results.csv
my_pilot_nuclear,electric,hall_hermes,mars_crew_fast,ppo,6,220.0,0.1194411937527607,0.0,timeout,0.0,ok,results/my_pilot_nuclear/results.csv
my_pilot_nuclear,electric,hall_hermes,mars_crew_fast,ppo,7,220.0,0.1129394329537744,0.0,timeout,0.0,ok,results/my_pilot_nuclear/results.csv
my_pilot_nuclear,electric,hall_hermes,mars_crew_fast,sac,1,220.0,0.1304088335296377,0.0,timeout,0.0,ok,results/my_pilot_nuclear/results.csv
my_pilot_nuclear,electric,hall_hermes,mars_crew_fast,sac,3,220.0,0.1303792466761776,0.0,timeout,0.0,ok,results/my_pilot_nuclear/results.csv
my_pilot_nuclear,electric,hall_hermes,mars_crew_fast,sac,2,220.0,0.1304014243363578,0.0,timeout,0.0,ok,results/my_pilot_nuclear/results.csv
my_pilot_nuclear,electric,hall_hermes,mars_crew_fast,sac,4,220.0,0.1304018855766253,0.0,timeout,0.0,ok,results/my_pilot_nuclear/results.csv
my_pilot_nuclear,electric,ion_next,mars_crew_fast,random,1,220.0,0.1025208333333333,448.0,timeout,0.0,ok,results/my_pilot_nuclear/results.csv
my_pilot_nuclear,electric,ion_next,mars_crew_fast,random,2,220.0,0.1015052083333333,510.25,timeout,0.0,ok,results/my_pilot_nuclear/results.csv
my_pilot_nuclear,electric,ion_next,mars_crew_fast,random,3,220.0,0.1015729166666666,488.0,timeout,0.0,ok,results/my_pilot_nuclear/results.csv
my_pilot_nuclear,electric,ion_next,mars_crew_fast,random,4,220.0,0.1009479166666666,529.0,timeout,0.0,ok,results/my_pilot_nuclear/results.csv
my_pilot_nuclear,electric,ion_next,mars_crew_fast,random,5,220.0,0.1003177083333333,560.25,timeout,0.0,ok,results/my_pilot_nuclear/results.csv
my_pilot_nuclear,electric,ion_next,mars_crew_fast,random,6,220.0,0.1011197916666666,514.75,timeout,0.0,ok,results/my_pilot_nuclear/results.csv
my_pilot_nuclear,electric,ion_next,mars_crew_fast,random,7,220.0,0.1011510416666666,522.5,timeout,0.0,ok,results/my_pilot_nuclear/results.csv
my_pilot_nuclear,electric,ion_next,mars_crew_fast,max_thrust,1,220.0,0.11,0.0,timeout,0.0,ok,results/my_pilot_nuclear/results.csv
my_pilot_nuclear,electric,ion_next,mars_crew_fast,max_thrust,2,220.0,0.11,0.0,timeout,0.0,ok,results/my_pilot_nuclear/results.csv
my_pilot_nuclear,electric,ion_next,mars_crew_fast,max_thrust,3,220.0,0.11,0.0,timeout,0.0,ok,results/my_pilot_nuclear/results.csv
my_pilot_nuclear,electric,ion_next,mars_crew_fast,max_thrust,4,220.0,0.11,0.0,timeout,0.0,ok,results/my_pilot_nuclear/results.csv
my_pilot_nuclear,electric,ion_next,mars_crew_fast,max_thrust,5,220.0,0.11,0.0,timeout,0.0,ok,results/my_pilot_nuclear/results.csv
my_pilot_nuclear,electric,ion_next,mars_crew_fast,max_thrust,6,220.0,0.11,0.0,timeout,0.0,ok,results/my_pilot_nuclear/results.csv
my_pilot_nuclear,electric,ion_next,mars_crew_fast,max_thrust,7,220.0,0.11,0.0,timeout,0.0,ok,results/my_pilot_nuclear/results.csv
my_pilot_nuclear,electric,ion_next,mars_crew_fast,prograde,1,220.0,0.0951653262512638,1610.25,timeout,0.0,ok,results/my_pilot_nuclear/results.csv
my_pilot_nuclear,electric,ion_next,mars_crew_fast,prograde,2,220.0,0.0903664739799157,2213.25,timeout,0.0,ok,results/my_pilot_nuclear/results.csv
my_pilot_nuclear,electric,ion_next,mars_crew_fast,prograde,3,220.0,0.0893965409108579,1944.5,timeout,0.0,ok,results/my_pilot_nuclear/results.csv
my_pilot_nuclear,electric,ion_next,mars_crew_fast,prograde,4,220.0,0.0865295203400713,2179.5,timeout,0.0,ok,results/my_pilot_nuclear/results.csv
my_pilot_nuclear,electric,ion_next,mars_crew_fast,prograde,5,220.0,0.0780029515912468,2548.75,timeout,0.0,ok,results/my_pilot_nuclear/results.csv
my_pilot_nuclear,electric,ion_next,mars_crew_fast,prograde,6,220.0,0.0870389852864051,2104.75,timeout,0.0,ok,results/my_pilot_nuclear/results.csv
my_pilot_nuclear,electric,ion_next,mars_crew_fast,prograde,7,220.0,0.0860141438378716,1995.75,timeout,0.0,ok,results/my_pilot_nuclear/results.csv
my_pilot_nuclear,electric,ion_next,mars_crew_fast,ppo,1,220.0,0.11,0.0,timeout,0.0,ok,results/my_pilot_nuclear/results.csv
my_pilot_nuclear,electric,hall_hermes,mars_crew_fast,sac,5,220.0,0.1303766439623642,0.0,timeout,0.0,ok,results/my_pilot_nuclear/results.csv
my_pilot_nuclear,electric,ion_next,mars_crew_fast,ppo,2,220.0,0.11,0.0,timeout,0.0,ok,results/my_pilot_nuclear/results.csv
my_pilot_nuclear,electric,hall_hermes,mars_crew_fast,sac,6,220.0,0.04371,0.0,timeout,0.0,ok,results/my_pilot_nuclear/results.csv
my_pilot_nuclear,electric,hall_hermes,mars_crew_fast,sac,7,220.0,0.1304165441663362,0.0,timeout,0.0,ok,results/my_pilot_nuclear/results.csv
my_pilot_nuclear,electric,ion_next,mars_crew_fast,ppo,3,220.0,0.11,0.0,timeout,0.0,ok,results/my_pilot_nuclear/results.csv
my_pilot_nuclear,electric,ion_next,mars_crew_fast,ppo,4,220.0,0.11,0.0,timeout,0.0,ok,results/my_pilot_nuclear/results.csv
my_pilot_nuclear,electric,ion_next,mars_crew_fast,ppo,5,220.0,0.11,0.0,timeout,0.0,ok,results/my_pilot_nuclear/results.csv
my_pilot_nuclear,electric,ion_next,mars_crew_fast,ppo,6,220.0,0.11,0.0,timeout,0.0,ok,results/my_pilot_nuclear/results.csv
my_pilot_nuclear,electric,ion_next,mars_crew_fast,ppo,7,220.0,0.11,0.0,timeout,0.0,ok,results/my_pilot_nuclear/results.csv
my_pilot_nuclear,electric,ion_next,mars_crew_fast,sac,1,220.0,0.0638385416666666,0.0,timeout,0.0,ok,results/my_pilot_nuclear/results.csv
my_pilot_nuclear,electric,ion_next,mars_crew_fast,sac,2,220.0,0.11,0.0,timeout,0.0,ok,results/my_pilot_nuclear/results.csv
my_pilot_nuclear,electric,ion_next,mars_crew_fast,sac,3,220.0,0.11,0.0,timeout,0.0,ok,results/my_pilot_nuclear/results.csv
my_pilot_nuclear,electric,ion_next,mars_crew_fast,sac,4,220.0,0.11,0.0,timeout,0.0,ok,results/my_pilot_nuclear/results.csv
my_pilot_nuclear,nuclear,nep_brayton,mars_crew_fast,random,1,220.0,0.6079227440672903,0.25,timeout,0.0,ok,results/my_pilot_nuclear/results.csv
my_pilot_nuclear,nuclear,nep_brayton,mars_crew_fast,random,2,220.0,0.6127618246385392,0.0,timeout,0.0,ok,results/my_pilot_nuclear/results.csv
my_pilot_nuclear,nuclear,nep_brayton,mars_crew_fast,random,3,220.0,0.6101541622812922,0.25,timeout,0.0,ok,results/my_pilot_nuclear/results.csv
my_pilot_nuclear,nuclear,nep_brayton,mars_crew_fast,random,4,220.0,0.6090622401398122,0.0,timeout,0.0,ok,results/my_pilot_nuclear/results.csv
my_pilot_nuclear,nuclear,nep_brayton,mars_crew_fast,random,5,220.0,0.6166576304322917,0.0,timeout,0.0,ok,results/my_pilot_nuclear/results.csv
my_pilot_nuclear,nuclear,nep_brayton,mars_crew_fast,random,6,220.0,0.606756086644451,0.25,timeout,0.0,ok,results/my_pilot_nuclear/results.csv
my_pilot_nuclear,nuclear,nep_brayton,mars_crew_fast,random,7,220.0,0.6089202302671017,0.0,timeout,0.0,ok,results/my_pilot_nuclear/results.csv
my_pilot_nuclear,nuclear,nep_brayton,mars_crew_fast,max_thrust,1,220.0,0.4628587032211459,0.0,timeout,0.0,ok,results/my_pilot_nuclear/results.csv
my_pilot_nuclear,nuclear,nep_brayton,mars_crew_fast,max_thrust,2,220.0,0.4723284749880689,0.0,timeout,0.0,ok,results/my_pilot_nuclear/results.csv
my_pilot_nuclear,nuclear,nep_brayton,mars_crew_fast,max_thrust,3,220.0,0.4749249989192551,0.0,timeout,0.0,ok,results/my_pilot_nuclear/results.csv
my_pilot_nuclear,nuclear,nep_brayton,mars_crew_fast,max_thrust,4,220.0,0.4676366841102602,0.0,timeout,0.0,ok,results/my_pilot_nuclear/results.csv
my_pilot_nuclear,nuclear,nep_brayton,mars_crew_fast,max_thrust,5,220.0,0.4730783587846149,0.0,timeout,0.0,ok,results/my_pilot_nuclear/results.csv
my_pilot_nuclear,nuclear,nep_brayton,mars_crew_fast,max_thrust,6,220.0,0.4711993404427848,0.0,timeout,0.0,ok,results/my_pilot_nuclear/results.csv
my_pilot_nuclear,nuclear,nep_brayton,mars_crew_fast,max_thrust,7,220.0,0.4762813569107135,0.0,timeout,0.0,ok,results/my_pilot_nuclear/results.csv
my_pilot_nuclear,nuclear,nep_brayton,mars_crew_fast,prograde,1,173.30208333333334,1.0,0.0,hardware_failure,0.0,ok,results/my_pilot_nuclear/results.csv
my_pilot_nuclear,nuclear,nep_brayton,mars_crew_fast,prograde,2,170.13541666666666,1.0,3.5,hardware_failure,0.0,ok,results/my_pilot_nuclear/results.csv
my_pilot_nuclear,nuclear,nep_brayton,mars_crew_fast,prograde,3,169.58333333333334,1.0,11.0,hardware_failure,0.0,ok,results/my_pilot_nuclear/results.csv
my_pilot_nuclear,nuclear,nep_brayton,mars_crew_fast,prograde,4,171.57291666666666,1.0,0.0,hardware_failure,0.0,ok,results/my_pilot_nuclear/results.csv
my_pilot_nuclear,nuclear,nep_brayton,mars_crew_fast,prograde,5,169.71875,1.0,0.0,hardware_failure,0.0,ok,results/my_pilot_nuclear/results.csv
my_pilot_nuclear,nuclear,nep_brayton,mars_crew_fast,prograde,6,170.34375,1.0,0.0,hardware_failure,0.0,ok,results/my_pilot_nuclear/results.csv
my_pilot_nuclear,nuclear,nep_brayton,mars_crew_fast,prograde,7,169.03125,1.0,7.0,hardware_failure,0.0,ok,results/my_pilot_nuclear/results.csv
my_pilot_nuclear,nuclear,nep_brayton,mars_crew_fast,ppo,1,220.0,0.7865771820759275,0.0,timeout,0.0,ok,results/my_pilot_nuclear/results.csv
my_pilot_nuclear,electric,ion_next,mars_crew_fast,sac,5,220.0,0.11,0.0,timeout,0.0,ok,results/my_pilot_nuclear/results.csv
my_pilot_nuclear,electric,ion_next,mars_crew_fast,sac,7,220.0,0.11,0.0,timeout,0.0,ok,results/my_pilot_nuclear/results.csv
my_pilot_nuclear,electric,ion_next,mars_crew_fast,sac,6,220.0,0.0193906249999999,0.0,timeout,0.0,ok,results/my_pilot_nuclear/results.csv
my_pilot_nuclear,nuclear,nep_brayton,mars_crew_fast,ppo,2,215.41666666666663,0.996395039763653,0.0,hardware_failure,0.0,ok,results/my_pilot_nuclear/results.csv
my_pilot_nuclear,nuclear,nep_brayton,mars_crew_fast,ppo,3,220.0,0.8433299966000165,0.0,timeout,0.0,ok,results/my_pilot_nuclear/results.csv
my_pilot_nuclear,nuclear,nep_brayton,mars_crew_fast,ppo,4,194.52083333333331,1.0,0.0,hardware_failure,0.0,ok,results/my_pilot_nuclear/results.csv
my_pilot_nuclear,nuclear,nep_brayton,mars_crew_fast,ppo,5,220.0,0.843485793205298,0.0,timeout,0.0,ok,results/my_pilot_nuclear/results.csv
my_pilot_nuclear,nuclear,nep_brayton,mars_crew_fast,ppo,6,220.0,0.8433573901484853,0.0,timeout,0.0,ok,results/my_pilot_nuclear/results.csv
my_pilot_nuclear,nuclear,nep_brayton,mars_crew_fast,ppo,7,220.0,0.9844085987354988,0.0,timeout,0.0,ok,results/my_pilot_nuclear/results.csv
my_pilot_nuclear,nuclear,nep_brayton,mars_crew_fast,sac,1,220.0,0.8447791844566717,0.0,timeout,0.0,ok,results/my_pilot_nuclear/results.csv
my_pilot_nuclear,nuclear,nep_brayton,mars_crew_fast,sac,2,203.16666666666669,1.0,21.25,hardware_failure,0.0,ok,results/my_pilot_nuclear/results.csv
my_pilot_nuclear,nuclear,nep_brayton,mars_crew_fast,sac,3,220.0,0.8446639399250828,0.0,timeout,0.0,ok,results/my_pilot_nuclear/results.csv
my_pilot_nuclear,nuclear,nep_brayton,mars_crew_fast,sac,4,220.0,0.8448757722340983,0.0,timeout,0.0,ok,results/my_pilot_nuclear/results.csv
my_pilot_nuclear,nuclear,ntp_nerva,mars_crew_fast,random,1,0.0729166666666666,0.0268269332908374,0.0,out_of_propellant,0.0,ok,results/my_pilot_nuclear/results.csv
my_pilot_nuclear,nuclear,ntp_nerva,mars_crew_fast,random,2,0.0520833333333333,0.025,0.0,out_of_propellant,0.0,ok,results/my_pilot_nuclear/results.csv
my_pilot_nuclear,nuclear,ntp_nerva,mars_crew_fast,random,3,0.0520833333333333,0.025,0.0,out_of_propellant,0.0,ok,results/my_pilot_nuclear/results.csv
my_pilot_nuclear,nuclear,ntp_nerva,mars_crew_fast,random,4,0.0625,0.025,0.0,out_of_propellant,0.0,ok,results/my_pilot_nuclear/results.csv
my_pilot_nuclear,nuclear,ntp_nerva,mars_crew_fast,random,5,0.0625,0.02625,0.0,out_of_propellant,0.0,ok,results/my_pilot_nuclear/results.csv
my_pilot_nuclear,nuclear,ntp_nerva,mars_crew_fast,random,6,0.0729166666666666,0.027765089930383,0.0,out_of_propellant,0.0,ok,results/my_pilot_nuclear/results.csv
my_pilot_nuclear,nuclear,ntp_nerva,mars_crew_fast,random,7,0.0520833333333333,0.025,0.0,out_of_propellant,0.0,ok,results/my_pilot_nuclear/results.csv
my_pilot_nuclear,nuclear,ntp_nerva,mars_crew_fast,max_thrust,1,0.0416666666666666,0.025,0.0,out_of_propellant,0.0,ok,results/my_pilot_nuclear/results.csv
my_pilot_nuclear,nuclear,ntp_nerva,mars_crew_fast,max_thrust,2,0.0416666666666666,0.025,0.0,out_of_propellant,0.0,ok,results/my_pilot_nuclear/results.csv
my_pilot_nuclear,nuclear,ntp_nerva,mars_crew_fast,max_thrust,3,0.0416666666666666,0.025,0.0,out_of_propellant,0.0,ok,results/my_pilot_nuclear/results.csv
my_pilot_nuclear,nuclear,ntp_nerva,mars_crew_fast,max_thrust,4,0.0416666666666666,0.025,0.0,out_of_propellant,0.0,ok,results/my_pilot_nuclear/results.csv
my_pilot_nuclear,nuclear,ntp_nerva,mars_crew_fast,max_thrust,5,0.0416666666666666,0.025,0.0,out_of_propellant,0.0,ok,results/my_pilot_nuclear/results.csv
my_pilot_nuclear,nuclear,ntp_nerva,mars_crew_fast,max_thrust,6,0.0416666666666666,0.025,0.0,out_of_propellant,0.0,ok,results/my_pilot_nuclear/results.csv
my_pilot_nuclear,nuclear,ntp_nerva,mars_crew_fast,max_thrust,7,0.0416666666666666,0.025,0.0,out_of_propellant,0.0,ok,results/my_pilot_nuclear/results.csv
my_pilot_nuclear,nuclear,ntp_nerva,mars_crew_fast,prograde,1,0.0416666666666666,0.025,0.0,out_of_propellant,0.0,ok,results/my_pilot_nuclear/results.csv
my_pilot_nuclear,nuclear,ntp_nerva,mars_crew_fast,prograde,2,0.0416666666666666,0.025,0.0,out_of_propellant,0.0,ok,results/my_pilot_nuclear/results.csv
my_pilot_nuclear,nuclear,ntp_nerva,mars_crew_fast,prograde,3,0.0416666666666666,0.025,0.0,out_of_propellant,0.0,ok,results/my_pilot_nuclear/results.csv
my_pilot_nuclear,nuclear,ntp_nerva,mars_crew_fast,prograde,4,0.0416666666666666,0.025,0.0,out_of_propellant,0.0,ok,results/my_pilot_nuclear/results.csv
my_pilot_nuclear,nuclear,ntp_nerva,mars_crew_fast,prograde,5,0.0416666666666666,0.025,0.0,out_of_propellant,0.0,ok,results/my_pilot_nuclear/results.csv
my_pilot_nuclear,nuclear,ntp_nerva,mars_crew_fast,prograde,6,0.0416666666666666,0.025,0.0,out_of_propellant,0.0,ok,results/my_pilot_nuclear/results.csv
my_pilot_nuclear,nuclear,ntp_nerva,mars_crew_fast,prograde,7,0.0416666666666666,0.025,0.0,out_of_propellant,0.0,ok,results/my_pilot_nuclear/results.csv
my_pilot_nuclear,nuclear,ntp_nerva,mars_crew_fast,ppo,1,0.0416666666666666,0.025,0.0,out_of_propellant,0.0,ok,results/my_pilot_nuclear/results.csv
my_pilot_nuclear,nuclear,ntp_nerva,mars_crew_fast,ppo,2,0.0416666666666666,0.025,0.0,out_of_propellant,0.0,ok,results/my_pilot_nuclear/results.csv
my_pilot_nuclear,nuclear,ntp_nerva,mars_crew_fast,ppo,3,0.0416666666666666,0.025,0.0,out_of_propellant,0.0,ok,results/my_pilot_nuclear/results.csv
my_pilot_nuclear,nuclear,nep_brayton,mars_crew_fast,sac,5,220.0,0.8446184549533255,0.0,timeout,0.0,ok,results/my_pilot_nuclear/results.csv
my_pilot_nuclear,nuclear,nep_brayton,mars_crew_fast,sac,6,220.0,0.8445992323738425,0.0,timeout,0.0,ok,results/my_pilot_nuclear/results.csv
my_pilot_nuclear,nuclear,nep_brayton,mars_crew_fast,sac,7,220.0,0.8449446675736147,0.0,timeout,0.0,ok,results/my_pilot_nuclear/results.csv
my_pilot_nuclear,nuclear,ntp_nerva,mars_crew_fast,ppo,4,0.0416666666666666,0.025,0.0,out_of_propellant,0.0,ok,results/my_pilot_nuclear/results.csv
my_pilot_nuclear,nuclear,ntp_nerva,mars_crew_fast,ppo,5,0.0416666666666666,0.025,0.0,out_of_propellant,0.0,ok,results/my_pilot_nuclear/results.csv
my_pilot_nuclear,nuclear,ntp_nerva,mars_crew_fast,ppo,6,0.0416666666666666,0.025,0.0,out_of_propellant,0.0,ok,results/my_pilot_nuclear/results.csv
my_pilot_nuclear,nuclear,ntp_nerva,mars_crew_fast,ppo,7,0.0416666666666666,0.025,0.0,out_of_propellant,0.0,ok,results/my_pilot_nuclear/results.csv
my_pilot_nuclear,nuclear,ntp_nerva,mars_crew_fast,sac,1,0.0416666666666666,0.025,0.0,out_of_propellant,0.0,ok,results/my_pilot_nuclear/results.csv
my_pilot_nuclear,nuclear,ntp_nerva,mars_crew_fast,sac,2,0.0416666666666666,0.025,0.0,out_of_propellant,0.0,ok,results/my_pilot_nuclear/results.csv
my_pilot_nuclear,nuclear,ntp_nerva,mars_crew_fast,sac,3,0.0416666666666666,0.025,0.0,out_of_propellant,0.0,ok,results/my_pilot_nuclear/results.csv
my_pilot_nuclear,nuclear,ntp_nerva,mars_crew_fast,sac,4,0.0416666666666666,0.025,0.0,out_of_propellant,0.0,ok,results/my_pilot_nuclear/results.csv
my_pilot_nuclear,nuclear,ntp_pewee,mars_crew_fast,random,1,0.0937499999999999,0.0480380016439072,0.0,out_of_propellant,0.0,ok,results/my_pilot_nuclear/results.csv
my_pilot_nuclear,nuclear,ntp_pewee,mars_crew_fast,random,2,0.1354166666666666,0.0498436501290102,0.0,out_of_propellant,0.0,ok,results/my_pilot_nuclear/results.csv
my_pilot_nuclear,nuclear,ntp_pewee,mars_crew_fast,random,3,0.1041666666666666,0.0508785348525169,0.0,out_of_propellant,0.0,ok,results/my_pilot_nuclear/results.csv
my_pilot_nuclear,nuclear,ntp_pewee,mars_crew_fast,random,4,0.1041666666666666,0.0567941364107222,0.0,out_of_propellant,0.0,ok,results/my_pilot_nuclear/results.csv
my_pilot_nuclear,nuclear,ntp_pewee,mars_crew_fast,random,5,0.1458333333333333,0.0495988949377914,0.0,out_of_propellant,0.0,ok,results/my_pilot_nuclear/results.csv
my_pilot_nuclear,nuclear,ntp_pewee,mars_crew_fast,random,6,0.1041666666666666,0.046288654433307,0.0,out_of_propellant,0.0,ok,results/my_pilot_nuclear/results.csv
my_pilot_nuclear,nuclear,ntp_pewee,mars_crew_fast,random,7,0.1666666666666666,0.0585789939966799,0.0,out_of_propellant,0.0,ok,results/my_pilot_nuclear/results.csv
my_pilot_nuclear,nuclear,ntp_pewee,mars_crew_fast,max_thrust,1,0.0833333333333333,0.0680398727517527,0.0,out_of_propellant,0.0,ok,results/my_pilot_nuclear/results.csv
my_pilot_nuclear,nuclear,ntp_pewee,mars_crew_fast,max_thrust,2,0.0833333333333333,0.0680398727517527,0.0,out_of_propellant,0.0,ok,results/my_pilot_nuclear/results.csv
my_pilot_nuclear,nuclear,ntp_pewee,mars_crew_fast,max_thrust,3,0.0833333333333333,0.0680398727517527,0.0,out_of_propellant,0.0,ok,results/my_pilot_nuclear/results.csv
my_pilot_nuclear,nuclear,ntp_pewee,mars_crew_fast,max_thrust,4,0.0833333333333333,0.0680398727517527,0.0,out_of_propellant,0.0,ok,results/my_pilot_nuclear/results.csv
my_pilot_nuclear,nuclear,ntp_pewee,mars_crew_fast,max_thrust,5,0.0833333333333333,0.0680398727517527,0.0,out_of_propellant,0.0,ok,results/my_pilot_nuclear/results.csv
my_pilot_nuclear,nuclear,ntp_pewee,mars_crew_fast,max_thrust,6,0.0833333333333333,0.0680398727517527,0.0,out_of_propellant,0.0,ok,results/my_pilot_nuclear/results.csv
my_pilot_nuclear,nuclear,ntp_pewee,mars_crew_fast,max_thrust,7,0.0833333333333333,0.0680398727517527,0.0,out_of_propellant,0.0,ok,results/my_pilot_nuclear/results.csv
my_pilot_nuclear,nuclear,ntp_pewee,mars_crew_fast,prograde,1,0.0833333333333333,0.0680398727517527,0.0,out_of_propellant,0.0,ok,results/my_pilot_nuclear/results.csv
my_pilot_nuclear,nuclear,ntp_pewee,mars_crew_fast,prograde,2,0.0833333333333333,0.0680398727517527,0.0,out_of_propellant,0.0,ok,results/my_pilot_nuclear/results.csv
my_pilot_nuclear,nuclear,ntp_pewee,mars_crew_fast,prograde,3,0.0833333333333333,0.0680398727517527,0.0,out_of_propellant,0.0,ok,results/my_pilot_nuclear/results.csv
my_pilot_nuclear,nuclear,ntp_pewee,mars_crew_fast,prograde,4,0.0833333333333333,0.0680398727517527,0.0,out_of_propellant,0.0,ok,results/my_pilot_nuclear/results.csv
my_pilot_nuclear,nuclear,ntp_pewee,mars_crew_fast,prograde,5,0.0833333333333333,0.0680398727517527,0.0,out_of_propellant,0.0,ok,results/my_pilot_nuclear/results.csv
my_pilot_nuclear,nuclear,ntp_pewee,mars_crew_fast,prograde,6,0.0833333333333333,0.0680398727517527,0.0,out_of_propellant,0.0,ok,results/my_pilot_nuclear/results.csv
my_pilot_nuclear,nuclear,ntp_pewee,mars_crew_fast,prograde,7,0.0833333333333333,0.0680398727517527,0.0,out_of_propellant,0.0,ok,results/my_pilot_nuclear/results.csv
my_pilot_nuclear,nuclear,ntp_pewee,mars_crew_fast,ppo,1,0.0937499999999999,0.0425032989649229,0.0,out_of_propellant,0.0,ok,results/my_pilot_nuclear/results.csv
my_pilot_nuclear,nuclear,ntp_pewee,mars_crew_fast,ppo,2,0.125,0.0409042959750748,0.0,out_of_propellant,0.0,ok,results/my_pilot_nuclear/results.csv
my_pilot_nuclear,nuclear,ntp_pewee,mars_crew_fast,ppo,3,0.125,0.0423450197230711,0.0,out_of_propellant,0.0,ok,results/my_pilot_nuclear/results.csv
my_pilot_nuclear,nuclear,ntp_nerva,mars_crew_fast,sac,6,0.0416666666666666,0.025,0.0,out_of_propellant,0.0,ok,results/my_pilot_nuclear/results.csv
my_pilot_nuclear,nuclear,ntp_nerva,mars_crew_fast,sac,5,0.0833333333333333,0.025,0.0,out_of_propellant,0.0,ok,results/my_pilot_nuclear/results.csv
my_pilot_nuclear,nuclear,ntp_nerva,mars_crew_fast,sac,7,0.0416666666666666,0.025,0.0,out_of_propellant,0.0,ok,results/my_pilot_nuclear/results.csv
my_pilot_nuclear,nuclear,ntp_pewee,mars_crew_fast,ppo,4,0.1041666666666666,0.0438452990014848,0.0,out_of_propellant,0.0,ok,results/my_pilot_nuclear/results.csv
my_pilot_nuclear,nuclear,ntp_pewee,mars_crew_fast,ppo,5,0.125,0.0563701766801322,0.0,out_of_propellant,0.0,ok,results/my_pilot_nuclear/results.csv
my_pilot_nuclear,nuclear,ntp_pewee,mars_crew_fast,ppo,7,0.125,0.0552648091390727,0.0,out_of_propellant,0.0,ok,results/my_pilot_nuclear/results.csv
my_pilot_nuclear,nuclear,ntp_pewee,mars_crew_fast,ppo,6,0.1145833333333333,0.0466561087847669,0.0,out_of_propellant,0.0,ok,results/my_pilot_nuclear/results.csv
my_pilot_nuclear,nuclear,ntp_pewee,mars_crew_fast,sac,1,0.125,0.0544060077203409,0.0,out_of_propellant,0.0,ok,results/my_pilot_nuclear/results.csv
my_pilot_nuclear,nuclear,ntp_pewee,mars_crew_fast,sac,2,0.125,0.0544049879573237,0.0,out_of_propellant,0.0,ok,results/my_pilot_nuclear/results.csv
my_pilot_nuclear,nuclear,ntp_pewee,mars_crew_fast,sac,3,0.125,0.054403615092587,0.0,out_of_propellant,0.0,ok,results/my_pilot_nuclear/results.csv
my_pilot_nuclear,nuclear,ntp_pewee,mars_crew_fast,sac,4,0.125,0.0544043329691046,0.0,out_of_propellant,0.0,ok,results/my_pilot_nuclear/results.csv
my_pilot_nuclear,nuclear,ntp_pewee,mars_crew_fast,sac,5,0.125,0.0544058118537493,0.0,out_of_propellant,0.0,ok,results/my_pilot_nuclear/results.csv
my_pilot_nuclear,nuclear,ntp_pewee,mars_crew_fast,sac,6,0.125,0.054404571785263,0.0,out_of_propellant,0.0,ok,results/my_pilot_nuclear/results.csv
my_pilot_nuclear,nuclear,ntp_pewee,mars_crew_fast,sac,7,0.125,0.0544055078972158,0.0,out_of_propellant,0.0,ok,results/my_pilot_nuclear/results.csv
electric_vs_nuclear,electric,hall_hermes,earth_mars_cargo,bang_bang,0,9144.25,0.1005332539435901,58.95,timeout,0.0,ok,results/electric_vs_nuclear/results.csv
electric_vs_nuclear,electric,hall_hermes,earth_mars_cargo,bang_bang,6,10000.0,0.0005628791626785,0.0,timeout,0.0,ok,results/electric_vs_nuclear/results.csv
electric_vs_nuclear,electric,hall_hermes,earth_mars_cargo,bang_bang,3,10000.0,0.0005925043817668,0.0,timeout,0.0,ok,results/electric_vs_nuclear/results.csv
electric_vs_nuclear,electric,hall_hermes,earth_mars_cargo,bang_bang,5,10000.0,0.0005925043817668,0.0,timeout,0.0,ok,results/electric_vs_nuclear/results.csv
electric_vs_nuclear,electric,hall_hermes,earth_mars_cargo,bang_bang,1,10000.0,0.0005628791626785,0.0,timeout,0.0,ok,results/electric_vs_nuclear/results.csv
electric_vs_nuclear,electric,hall_hermes,earth_mars_cargo,bang_bang,2,10000.0,0.0005925043817668,0.0,timeout,0.0,ok,results/electric_vs_nuclear/results.csv
electric_vs_nuclear,electric,hall_hermes,earth_mars_cargo,bang_bang,4,10000.0,0.0005925043817668,0.0,timeout,0.0,ok,results/electric_vs_nuclear/results.csv
electric_vs_nuclear,electric,hall_hermes,earth_mars_cargo,bang_bang,7,10000.0,0.0005628791626785,0.0,timeout,0.0,ok,results/electric_vs_nuclear/results.csv
electric_vs_nuclear,electric,hall_hermes,earth_mars_cargo,bang_bang,0,9144.25,0.1005332539435901,58.95,timeout,0.0,ok,results/electric_vs_nuclear/results.csv
electric_vs_nuclear,electric,hall_hermes,earth_mars_cargo,bang_bang,6,10000.0,0.0005628791626785,0.0,timeout,0.0,ok,results/electric_vs_nuclear/results.csv
electric_vs_nuclear,electric,hall_hermes,earth_mars_cargo,bang_bang,4,10000.0,0.0005925043817668,0.0,timeout,0.0,ok,results/electric_vs_nuclear/results.csv
electric_vs_nuclear,electric,hall_hermes,earth_mars_cargo,bang_bang,1,10000.0,0.0005628791626785,0.0,timeout,0.0,ok,results/electric_vs_nuclear/results.csv
electric_vs_nuclear,electric,hall_hermes,earth_mars_cargo,bang_bang,3,10000.0,0.0005925043817668,0.0,timeout,0.0,ok,results/electric_vs_nuclear/results.csv
electric_vs_nuclear,electric,hall_hermes,earth_mars_cargo,bang_bang,2,10000.0,0.0005925043817668,0.0,timeout,0.0,ok,results/electric_vs_nuclear/results.csv
electric_vs_nuclear,electric,hall_hermes,earth_mars_cargo,bang_bang,5,10000.0,0.0005925043817668,0.0,timeout,0.0,ok,results/electric_vs_nuclear/results.csv
electric_vs_nuclear,electric,hall_hermes,earth_mars_cargo,bang_bang,7,10000.0,0.0005628791626785,0.0,timeout,0.0,ok,results/electric_vs_nuclear/results.csv
smoke,electric,hall_spt100,leo_geo_transfer,random,0,1.03125,0.002361111111111,1.0,safety_violation,0.0,ok,results/smoke/results.jsonl
smoke,electric,hall_spt100,leo_geo_transfer,random,1,1.020833333333333,0.0022777777777770003,1.0,safety_violation,0.0,ok,results/smoke/results.jsonl
smoke,electric,hall_spt100,leo_geo_transfer,random,2,1.041666666666666,0.002555555555555,1.0,safety_violation,0.0,ok,results/smoke/results.jsonl
smoke,electric,hall_spt100,leo_geo_transfer,max_thrust,0,1.041666666666666,0.0025398056261940003,1.0,safety_violation,0.0,ok,results/smoke/results.jsonl
smoke,electric,hall_spt100,leo_geo_transfer,max_thrust,1,1.020833333333333,0.002540637075304,1.0,safety_violation,0.0,ok,results/smoke/results.jsonl
smoke,electric,hall_spt100,leo_geo_transfer,max_thrust,2,1.052083333333333,0.00290148750098,1.0,safety_violation,0.0,ok,results/smoke/results.jsonl
smoke,electric,hall_spt100,leo_geo_transfer,ppo,0,1.03125,0.002388888888888,1.0,safety_violation,0.0,ok,results/smoke/results.jsonl
smoke,electric,hall_spt100,leo_geo_transfer,ppo,1,1.020833333333333,0.0022777777777770003,1.0,safety_violation,0.0,ok,results/smoke/results.jsonl
smoke,electric,hall_spt100,leo_geo_transfer,ppo,2,1.041666666666666,0.002555555555555,1.0,safety_violation,0.0,ok,results/smoke/results.jsonl
smoke,nuclear,ntp_pewee,leo_geo_transfer,random,0,0.0625,0.020840113636119,0.0,out_of_propellant,0.0,ok,results/smoke/results.jsonl
smoke,nuclear,ntp_pewee,leo_geo_transfer,random,1,0.041666666666666005,0.017417695275028,0.25,out_of_propellant,0.0,ok,results/smoke/results.jsonl
smoke,nuclear,ntp_pewee,leo_geo_transfer,random,2,0.041666666666666005,0.016666666666666,0.25,out_of_propellant,0.0,ok,results/smoke/results.jsonl
smoke,nuclear,ntp_pewee,leo_geo_transfer,max_thrust,0,0.041666666666666005,0.034019936375876005,0.0,diverged,0.0,ok,results/smoke/results.jsonl
smoke,nuclear,ntp_pewee,leo_geo_transfer,max_thrust,1,0.041666666666666005,0.034019936375876005,0.0,diverged,0.0,ok,results/smoke/results.jsonl
smoke,nuclear,ntp_pewee,leo_geo_transfer,max_thrust,2,0.041666666666666005,0.034019936375876005,0.0,diverged,0.0,ok,results/smoke/results.jsonl
smoke,nuclear,ntp_pewee,leo_geo_transfer,ppo,0,0.041666666666666005,0.018093968623788002,0.0,diverged,0.0,ok,results/smoke/results.jsonl
smoke,nuclear,ntp_pewee,leo_geo_transfer,ppo,1,0.041666666666666005,0.01807509728737,0.0,diverged,0.0,ok,results/smoke/results.jsonl
smoke,nuclear,ntp_pewee,leo_geo_transfer,ppo,2,0.041666666666666005,0.018027934327105002,0.0,diverged,0.0,ok,results/smoke/results.jsonl
smoke,nuclear,nep_kilopower,leo_geo_transfer,random,0,2.5,0.00200841297977,0.0,timeout,0.0,ok,results/smoke/results.jsonl
smoke,nuclear,nep_kilopower,leo_geo_transfer,random,1,2.5,0.001799883077172,0.0,timeout,0.0,ok,results/smoke/results.jsonl
smoke,nuclear,nep_kilopower,leo_geo_transfer,random,2,2.5,0.00169068938611,0.0,timeout,0.0,ok,results/smoke/results.jsonl
smoke,nuclear,nep_kilopower,leo_geo_transfer,max_thrust,0,2.5,0.008760208283455001,0.0,timeout,0.0,ok,results/smoke/results.jsonl
smoke,nuclear,nep_kilopower,leo_geo_transfer,max_thrust,1,2.5,0.008760208283455001,0.0,timeout,0.0,ok,results/smoke/results.jsonl
smoke,nuclear,nep_kilopower,leo_geo_transfer,max_thrust,2,2.5,0.008760208283455001,0.0,timeout,0.0,ok,results/smoke/results.jsonl
smoke,nuclear,nep_kilopower,leo_geo_transfer,ppo,0,2.5,0.0012000000000000001,0.0,timeout,0.0,ok,results/smoke/results.jsonl
smoke,nuclear,nep_kilopower,leo_geo_transfer,ppo,1,2.5,0.0012000000000000001,0.0,timeout,0.0,ok,results/smoke/results.jsonl
smoke,nuclear,nep_kilopower,leo_geo_transfer,ppo,2,2.5,0.0012000000000000001,0.0,timeout,0.0,ok,results/smoke/results.jsonl
