family,propulsion,mission,sweep,agent,seed,trip_time_days
electric,hall_hermes,earth_mars_cargo,electric_vs_nuclear,bang_bang,0,9144.25
electric,hall_hermes,earth_mars_cargo,electric_vs_nuclear,bang_bang,0,9144.25
electric,hall_hermes,earth_mars_cargo,electric_vs_nuclear,bang_bang,1,10000.0
electric,hall_hermes,earth_mars_cargo,electric_vs_nuclear,bang_bang,1,10000.0
electric,hall_hermes,earth_mars_cargo,electric_vs_nuclear,bang_bang,2,10000.0
electric,hall_hermes,earth_mars_cargo,electric_vs_nuclear,bang_bang,2,10000.0
electric,hall_hermes,earth_mars_cargo,electric_vs_nuclear,bang_bang,3,10000.0
electric,hall_hermes,earth_mars_cargo,electric_vs_nuclear,bang_bang,3,10000.0
electric,hall_hermes,earth_mars_cargo,electric_vs_nuclear,bang_bang,4,10000.0
electric,hall_hermes,earth_mars_cargo,electric_vs_nuclear,bang_bang,4,10000.0
electric,hall_hermes,earth_mars_cargo,electric_vs_nuclear,bang_bang,5,10000.0
electric,hall_hermes,earth_mars_cargo,electric_vs_nuclear,bang_bang,5,10000.0
electric,hall_hermes,earth_mars_cargo,electric_vs_nuclear,bang_bang,6,10000.0
electric,hall_hermes,earth_mars_cargo,electric_vs_nuclear,bang_bang,6,10000.0
electric,hall_hermes,earth_mars_cargo,electric_vs_nuclear,bang_bang,7,10000.0
electric,hall_hermes,earth_mars_cargo,electric_vs_nuclear,bang_bang,7,10000.0
electric,hall_hermes,leo_geo_transfer,my_pilot,edelbaum,0,365.0
electric,hall_hermes,leo_geo_transfer,my_pilot,edelbaum,1,365.0
electric,hall_hermes,leo_geo_transfer,my_pilot,edelbaum,2,365.0
electric,hall_hermes,leo_geo_transfer,my_pilot,edelbaum,3,365.0
electric,hall_hermes,leo_geo_transfer,my_pilot,edelbaum,4,365.0
electric,hall_hermes,leo_geo_transfer,my_pilot,edelbaum,5,365.0
electric,hall_hermes,leo_geo_transfer,my_pilot,edelbaum,6,365.0
electric,hall_hermes,leo_geo_transfer,my_pilot,edelbaum,7,365.0
electric,hall_hermes,leo_geo_transfer,my_pilot,max_thrust,0,365.0
electric,hall_hermes,leo_geo_transfer,my_pilot,max_thrust,1,365.0
electric,hall_hermes,leo_geo_transfer,my_pilot,max_thrust,2,365.0
electric,hall_hermes,leo_geo_transfer,my_pilot,max_thrust,3,365.0
electric,hall_hermes,leo_geo_transfer,my_pilot,max_thrust,4,365.0
electric,hall_hermes,leo_geo_transfer,my_pilot,max_thrust,5,365.0
electric,hall_hermes,leo_geo_transfer,my_pilot,max_thrust,6,365.0
electric,hall_hermes,leo_geo_transfer,my_pilot,max_thrust,7,365.0
electric,hall_hermes,leo_geo_transfer,my_pilot,ppo,0,365.0
electric,hall_hermes,leo_geo_transfer,my_pilot,ppo,1,365.0
electric,hall_hermes,leo_geo_transfer,my_pilot,ppo,2,365.0
electric,hall_hermes,leo_geo_transfer,my_pilot,ppo,3,365.0
electric,hall_hermes,leo_geo_transfer,my_pilot,ppo,4,365.0
electric,hall_hermes,leo_geo_transfer,my_pilot,ppo,5,365.0
electric,hall_hermes,leo_geo_transfer,my_pilot,ppo,6,365.0
electric,hall_hermes,leo_geo_transfer,my_pilot,ppo,7,365.0
electric,hall_hermes,leo_geo_transfer,my_pilot,prograde,0,365.0
electric,hall_hermes,leo_geo_transfer,my_pilot,prograde,1,365.0
electric,hall_hermes,leo_geo_transfer,my_pilot,prograde,2,365.0
electric,hall_hermes,leo_geo_transfer,my_pilot,prograde,3,365.0
electric,hall_hermes,leo_geo_transfer,my_pilot,prograde,4,365.0
electric,hall_hermes,leo_geo_transfer,my_pilot,prograde,5,365.0
electric,hall_hermes,leo_geo_transfer,my_pilot,prograde,6,365.0
electric,hall_hermes,leo_geo_transfer,my_pilot,prograde,7,365.0
electric,hall_hermes,leo_geo_transfer,my_pilot,random,0,365.0
electric,hall_hermes,leo_geo_transfer,my_pilot,random,1,365.0
electric,hall_hermes,leo_geo_transfer,my_pilot,random,2,365.0
electric,hall_hermes,leo_geo_transfer,my_pilot,random,3,365.0
electric,hall_hermes,leo_geo_transfer,my_pilot,random,4,365.0
electric,hall_hermes,leo_geo_transfer,my_pilot,random,5,365.0
electric,hall_hermes,leo_geo_transfer,my_pilot,random,6,365.0
electric,hall_hermes,leo_geo_transfer,my_pilot,random,7,365.0
electric,hall_hermes,leo_geo_transfer,my_pilot,sac,0,365.0
electric,hall_hermes,leo_geo_transfer,my_pilot,sac,1,365.0
electric,hall_hermes,leo_geo_transfer,my_pilot,sac,2,365.0
electric,hall_hermes,leo_geo_transfer,my_pilot,sac,3,365.0
electric,hall_hermes,leo_geo_transfer,my_pilot,sac,4,365.0
electric,hall_hermes,leo_geo_transfer,my_pilot,sac,5,365.0
electric,hall_hermes,leo_geo_transfer,my_pilot,sac,6,365.0
electric,hall_hermes,leo_geo_transfer,my_pilot,sac,7,365.0
electric,hall_spt100,leo_geo_transfer,my_pilot,edelbaum,0,365.0
electric,hall_spt100,leo_geo_transfer,my_pilot,edelbaum,1,365.0
electric,hall_spt100,leo_geo_transfer,my_pilot,edelbaum,2,365.0
electric,hall_spt100,leo_geo_transfer,my_pilot,edelbaum,3,365.0
electric,hall_spt100,leo_geo_transfer,my_pilot,edelbaum,4,365.0
electric,hall_spt100,leo_geo_transfer,my_pilot,edelbaum,5,365.0
electric,hall_spt100,leo_geo_transfer,my_pilot,edelbaum,6,365.0
electric,hall_spt100,leo_geo_transfer,my_pilot,edelbaum,7,365.0
electric,hall_spt100,leo_geo_transfer,my_pilot,max_thrust,0,365.0
electric,hall_spt100,leo_geo_transfer,my_pilot,max_thrust,1,365.0
electric,hall_spt100,leo_geo_transfer,my_pilot,max_thrust,2,365.0
electric,hall_spt100,leo_geo_transfer,my_pilot,max_thrust,3,365.0
electric,hall_spt100,leo_geo_transfer,my_pilot,max_thrust,4,365.0
electric,hall_spt100,leo_geo_transfer,my_pilot,max_thrust,5,365.0
electric,hall_spt100,leo_geo_transfer,my_pilot,max_thrust,6,365.0
electric,hall_spt100,leo_geo_transfer,my_pilot,max_thrust,7,365.0
electric,hall_spt100,leo_geo_transfer,my_pilot,ppo,0,365.0
electric,hall_spt100,leo_geo_transfer,my_pilot,ppo,1,365.0
electric,hall_spt100,leo_geo_transfer,my_pilot,ppo,2,365.0
electric,hall_spt100,leo_geo_transfer,my_pilot,ppo,3,365.0
electric,hall_spt100,leo_geo_transfer,my_pilot,ppo,4,365.0
electric,hall_spt100,leo_geo_transfer,my_pilot,ppo,5,365.0
electric,hall_spt100,leo_geo_transfer,my_pilot,ppo,6,365.0
electric,hall_spt100,leo_geo_transfer,my_pilot,ppo,7,365.0
electric,hall_spt100,leo_geo_transfer,my_pilot,prograde,0,365.0
electric,hall_spt100,leo_geo_transfer,my_pilot,prograde,1,365.0
electric,hall_spt100,leo_geo_transfer,my_pilot,prograde,2,365.0
electric,hall_spt100,leo_geo_transfer,my_pilot,prograde,3,365.0
electric,hall_spt100,leo_geo_transfer,my_pilot,prograde,4,365.0
electric,hall_spt100,leo_geo_transfer,my_pilot,prograde,5,365.0
electric,hall_spt100,leo_geo_transfer,my_pilot,prograde,6,365.0
electric,hall_spt100,leo_geo_transfer,my_pilot,prograde,7,365.0
electric,hall_spt100,leo_geo_transfer,my_pilot,random,0,365.0
electric,hall_spt100,leo_geo_transfer,my_pilot,random,1,365.0
electric,hall_spt100,leo_geo_transfer,my_pilot,random,2,365.0
electric,hall_spt100,leo_geo_transfer,my_pilot,random,3,365.0
electric,hall_spt100,leo_geo_transfer,my_pilot,random,4,365.0
electric,hall_spt100,leo_geo_transfer,my_pilot,random,5,365.0
electric,hall_spt100,leo_geo_transfer,my_pilot,random,6,365.0
electric,hall_spt100,leo_geo_transfer,my_pilot,random,7,365.0
electric,hall_spt100,leo_geo_transfer,my_pilot,sac,0,365.0
electric,hall_spt100,leo_geo_transfer,my_pilot,sac,1,365.0
electric,hall_spt100,leo_geo_transfer,my_pilot,sac,2,365.0
electric,hall_spt100,leo_geo_transfer,my_pilot,sac,3,365.0
electric,hall_spt100,leo_geo_transfer,my_pilot,sac,4,365.0
electric,hall_spt100,leo_geo_transfer,my_pilot,sac,5,365.0
electric,hall_spt100,leo_geo_transfer,my_pilot,sac,6,365.0
electric,hall_spt100,leo_geo_transfer,my_pilot,sac,7,365.0
electric,ion_next,leo_geo_transfer,my_pilot,edelbaum,0,365.0
electric,ion_next,leo_geo_transfer,my_pilot,edelbaum,1,365.0
electric,ion_next,leo_geo_transfer,my_pilot,edelbaum,2,365.0
electric,ion_next,leo_geo_transfer,my_pilot,edelbaum,3,365.0
electric,ion_next,leo_geo_transfer,my_pilot,edelbaum,4,365.0
electric,ion_next,leo_geo_transfer,my_pilot,edelbaum,5,365.0
electric,ion_next,leo_geo_transfer,my_pilot,edelbaum,6,365.0
electric,ion_next,leo_geo_transfer,my_pilot,edelbaum,7,365.0
electric,ion_next,leo_geo_transfer,my_pilot,max_thrust,0,365.0
electric,ion_next,leo_geo_transfer,my_pilot,max_thrust,1,365.0
electric,ion_next,leo_geo_transfer,my_pilot,max_thrust,2,365.0
electric,ion_next,leo_geo_transfer,my_pilot,max_thrust,3,365.0
electric,ion_next,leo_geo_transfer,my_pilot,max_thrust,4,365.0
electric,ion_next,leo_geo_transfer,my_pilot,max_thrust,5,365.0
electric,ion_next,leo_geo_transfer,my_pilot,max_thrust,6,365.0
electric,ion_next,leo_geo_transfer,my_pilot,max_thrust,7,365.0
electric,ion_next,leo_geo_transfer,my_pilot,ppo,0,365.0
electric,ion_next,leo_geo_transfer,my_pilot,ppo,1,365.0
electric,ion_next,leo_geo_transfer,my_pilot,ppo,2,365.0
electric,ion_next,leo_geo_transfer,my_pilot,ppo,3,365.0
electric,ion_next,leo_geo_transfer,my_pilot,ppo,4,365.0
electric,ion_next,leo_geo_transfer,my_pilot,ppo,5,365.0
electric,ion_next,leo_geo_transfer,my_pilot,ppo,6,365.0
electric,ion_next,leo_geo_transfer,my_pilot,ppo,7,365.0
electric,ion_next,leo_geo_transfer,my_pilot,prograde,0,365.0
electric,ion_next,leo_geo_transfer,my_pilot,prograde,1,365.0
electric,ion_next,leo_geo_transfer,my_pilot,prograde,2,365.0
electric,ion_next,leo_geo_transfer,my_pilot,prograde,3,365.0
electric,ion_next,leo_geo_transfer,my_pilot,prograde,4,365.0
electric,ion_next,leo_geo_transfer,my_pilot,prograde,5,365.0
electric,ion_next,leo_geo_transfer,my_pilot,prograde,6,365.0
electric,ion_next,leo_geo_transfer,my_pilot,prograde,7,365.0
electric,ion_next,leo_geo_transfer,my_pilot,random,0,365.0
electric,ion_next,leo_geo_transfer,my_pilot,random,1,365.0
electric,ion_next,leo_geo_transfer,my_pilot,random,2,365.0
electric,ion_next,leo_geo_transfer,my_pilot,random,3,365.0
electric,ion_next,leo_geo_transfer,my_pilot,random,4,365.0
electric,ion_next,leo_geo_transfer,my_pilot,random,5,365.0
electric,ion_next,leo_geo_transfer,my_pilot,random,6,365.0
electric,ion_next,leo_geo_transfer,my_pilot,random,7,365.0
electric,ion_next,leo_geo_transfer,my_pilot,sac,0,365.0
electric,ion_next,leo_geo_transfer,my_pilot,sac,1,365.0
electric,ion_next,leo_geo_transfer,my_pilot,sac,2,365.0
electric,ion_next,leo_geo_transfer,my_pilot,sac,3,365.0
electric,ion_next,leo_geo_transfer,my_pilot,sac,4,365.0
electric,ion_next,leo_geo_transfer,my_pilot,sac,5,365.0
electric,ion_next,leo_geo_transfer,my_pilot,sac,6,365.0
electric,ion_next,leo_geo_transfer,my_pilot,sac,7,365.0
electric,ion_nstar,leo_geo_transfer,my_pilot,edelbaum,0,365.0
electric,ion_nstar,leo_geo_transfer,my_pilot,edelbaum,1,365.0
electric,ion_nstar,leo_geo_transfer,my_pilot,edelbaum,2,365.0
electric,ion_nstar,leo_geo_transfer,my_pilot,edelbaum,3,365.0
electric,ion_nstar,leo_geo_transfer,my_pilot,edelbaum,4,365.0
electric,ion_nstar,leo_geo_transfer,my_pilot,edelbaum,5,365.0
electric,ion_nstar,leo_geo_transfer,my_pilot,edelbaum,6,365.0
electric,ion_nstar,leo_geo_transfer,my_pilot,edelbaum,7,365.0
electric,ion_nstar,leo_geo_transfer,my_pilot,max_thrust,0,365.0
electric,ion_nstar,leo_geo_transfer,my_pilot,max_thrust,1,365.0
electric,ion_nstar,leo_geo_transfer,my_pilot,max_thrust,2,365.0
electric,ion_nstar,leo_geo_transfer,my_pilot,max_thrust,3,365.0
electric,ion_nstar,leo_geo_transfer,my_pilot,max_thrust,4,365.0
electric,ion_nstar,leo_geo_transfer,my_pilot,max_thrust,5,365.0
electric,ion_nstar,leo_geo_transfer,my_pilot,max_thrust,6,365.0
electric,ion_nstar,leo_geo_transfer,my_pilot,max_thrust,7,365.0
electric,ion_nstar,leo_geo_transfer,my_pilot,ppo,0,365.0
electric,ion_nstar,leo_geo_transfer,my_pilot,ppo,1,365.0
electric,ion_nstar,leo_geo_transfer,my_pilot,ppo,2,365.0
electric,ion_nstar,leo_geo_transfer,my_pilot,ppo,3,365.0
electric,ion_nstar,leo_geo_transfer,my_pilot,ppo,4,365.0
electric,ion_nstar,leo_geo_transfer,my_pilot,ppo,5,365.0
electric,ion_nstar,leo_geo_transfer,my_pilot,ppo,6,365.0
electric,ion_nstar,leo_geo_transfer,my_pilot,ppo,7,365.0
electric,ion_nstar,leo_geo_transfer,my_pilot,prograde,0,365.0
electric,ion_nstar,leo_geo_transfer,my_pilot,prograde,1,365.0
electric,ion_nstar,leo_geo_transfer,my_pilot,prograde,2,365.0
electric,ion_nstar,leo_geo_transfer,my_pilot,prograde,3,365.0
electric,ion_nstar,leo_geo_transfer,my_pilot,prograde,4,365.0
electric,ion_nstar,leo_geo_transfer,my_pilot,prograde,5,365.0
electric,ion_nstar,leo_geo_transfer,my_pilot,prograde,6,365.0
electric,ion_nstar,leo_geo_transfer,my_pilot,prograde,7,365.0
electric,ion_nstar,leo_geo_transfer,my_pilot,random,0,365.0
electric,ion_nstar,leo_geo_transfer,my_pilot,random,1,365.0
electric,ion_nstar,leo_geo_transfer,my_pilot,random,2,365.0
electric,ion_nstar,leo_geo_transfer,my_pilot,random,3,365.0
electric,ion_nstar,leo_geo_transfer,my_pilot,random,4,365.0
electric,ion_nstar,leo_geo_transfer,my_pilot,random,5,365.0
electric,ion_nstar,leo_geo_transfer,my_pilot,random,6,365.0
electric,ion_nstar,leo_geo_transfer,my_pilot,random,7,365.0
electric,ion_nstar,leo_geo_transfer,my_pilot,sac,0,365.0
electric,ion_nstar,leo_geo_transfer,my_pilot,sac,1,365.0
electric,ion_nstar,leo_geo_transfer,my_pilot,sac,2,365.0
electric,ion_nstar,leo_geo_transfer,my_pilot,sac,3,365.0
electric,ion_nstar,leo_geo_transfer,my_pilot,sac,4,365.0
electric,ion_nstar,leo_geo_transfer,my_pilot,sac,5,365.0
electric,ion_nstar,leo_geo_transfer,my_pilot,sac,6,365.0
electric,ion_nstar,leo_geo_transfer,my_pilot,sac,7,365.0
electric,hall_hermes,mars_crew_fast,my_pilot_nuclear,max_thrust,0,220.0
electric,hall_hermes,mars_crew_fast,my_pilot_nuclear,max_thrust,1,220.0
electric,hall_hermes,mars_crew_fast,my_pilot_nuclear,max_thrust,2,220.0
electric,hall_hermes,mars_crew_fast,my_pilot_nuclear,max_thrust,3,220.0
electric,hall_hermes,mars_crew_fast,my_pilot_nuclear,max_thrust,4,220.0
electric,hall_hermes,mars_crew_fast,my_pilot_nuclear,max_thrust,5,220.0
electric,hall_hermes,mars_crew_fast,my_pilot_nuclear,max_thrust,6,220.0
electric,hall_hermes,mars_crew_fast,my_pilot_nuclear,max_thrust,7,220.0
electric,hall_hermes,mars_crew_fast,my_pilot_nuclear,ppo,0,220.0
electric,hall_hermes,mars_crew_fast,my_pilot_nuclear,ppo,1,220.0
electric,hall_hermes,mars_crew_fast,my_pilot_nuclear,ppo,2,220.0
electric,hall_hermes,mars_crew_fast,my_pilot_nuclear,ppo,3,220.0
electric,hall_hermes,mars_crew_fast,my_pilot_nuclear,ppo,4,220.0
electric,hall_hermes,mars_crew_fast,my_pilot_nuclear,ppo,5,220.0
electric,hall_hermes,mars_crew_fast,my_pilot_nuclear,ppo,6,220.0
electric,hall_hermes,mars_crew_fast,my_pilot_nuclear,ppo,7,220.0
electric,hall_hermes,mars_crew_fast,my_pilot_nuclear,prograde,0,220.0
electric,hall_hermes,mars_crew_fast,my_pilot_nuclear,prograde,1,220.0
electric,hall_hermes,mars_crew_fast,my_pilot_nuclear,prograde,2,220.0
electric,hall_hermes,mars_crew_fast,my_pilot_nuclear,prograde,3,220.0
electric,hall_hermes,mars_crew_fast,my_pilot_nuclear,prograde,4,220.0
electric,hall_hermes,mars_crew_fast,my_pilot_nuclear,prograde,5,220.0
electric,hall_hermes,mars_crew_fast,my_pilot_nuclear,prograde,6,220.0
electric,hall_hermes,mars_crew_fast,my_pilot_nuclear,prograde,7,220.0
electric,hall_hermes,mars_crew_fast,my_pilot_nuclear,random,0,220.0
electric,hall_hermes,mars_crew_fast,my_pilot_nuclear,random,1,220.0
electric,hall_hermes,mars_crew_fast,my_pilot_nuclear,random,2,220.0
electric,hall_hermes,mars_crew_fast,my_pilot_nuclear,random,3,220.0
electric,hall_hermes,mars_crew_fast,my_pilot_nuclear,random,4,220.0
electric,hall_hermes,mars_crew_fast,my_pilot_nuclear,random,5,220.0
electric,hall_hermes,mars_crew_fast,my_pilot_nuclear,random,6,220.0
electric,hall_hermes,mars_crew_fast,my_pilot_nuclear,random,7,220.0
electric,hall_hermes,mars_crew_fast,my_pilot_nuclear,sac,0,220.0
electric,hall_hermes,mars_crew_fast,my_pilot_nuclear,sac,1,220.0
electric,hall_hermes,mars_crew_fast,my_pilot_nuclear,sac,2,220.0
electric,hall_hermes,mars_crew_fast,my_pilot_nuclear,sac,3,220.0
electric,hall_hermes,mars_crew_fast,my_pilot_nuclear,sac,4,220.0
electric,hall_hermes,mars_crew_fast,my_pilot_nuclear,sac,5,220.0
electric,hall_hermes,mars_crew_fast,my_pilot_nuclear,sac,6,220.0
electric,hall_hermes,mars_crew_fast,my_pilot_nuclear,sac,7,220.0
electric,ion_next,mars_crew_fast,my_pilot_nuclear,max_thrust,0,220.0
electric,ion_next,mars_crew_fast,my_pilot_nuclear,max_thrust,1,220.0
electric,ion_next,mars_crew_fast,my_pilot_nuclear,max_thrust,2,220.0
electric,ion_next,mars_crew_fast,my_pilot_nuclear,max_thrust,3,220.0
electric,ion_next,mars_crew_fast,my_pilot_nuclear,max_thrust,4,220.0
electric,ion_next,mars_crew_fast,my_pilot_nuclear,max_thrust,5,220.0
electric,ion_next,mars_crew_fast,my_pilot_nuclear,max_thrust,6,220.0
electric,ion_next,mars_crew_fast,my_pilot_nuclear,max_thrust,7,220.0
electric,ion_next,mars_crew_fast,my_pilot_nuclear,ppo,0,220.0
electric,ion_next,mars_crew_fast,my_pilot_nuclear,ppo,1,220.0
electric,ion_next,mars_crew_fast,my_pilot_nuclear,ppo,2,220.0
electric,ion_next,mars_crew_fast,my_pilot_nuclear,ppo,3,220.0
electric,ion_next,mars_crew_fast,my_pilot_nuclear,ppo,4,220.0
electric,ion_next,mars_crew_fast,my_pilot_nuclear,ppo,5,220.0
electric,ion_next,mars_crew_fast,my_pilot_nuclear,ppo,6,220.0
electric,ion_next,mars_crew_fast,my_pilot_nuclear,ppo,7,220.0
electric,ion_next,mars_crew_fast,my_pilot_nuclear,prograde,0,220.0
electric,ion_next,mars_crew_fast,my_pilot_nuclear,prograde,1,220.0
electric,ion_next,mars_crew_fast,my_pilot_nuclear,prograde,2,220.0
electric,ion_next,mars_crew_fast,my_pilot_nuclear,prograde,3,220.0
electric,ion_next,mars_crew_fast,my_pilot_nuclear,prograde,4,220.0
electric,ion_next,mars_crew_fast,my_pilot_nuclear,prograde,5,220.0
electric,ion_next,mars_crew_fast,my_pilot_nuclear,prograde,6,220.0
electric,ion_next,mars_crew_fast,my_pilot_nuclear,prograde,7,220.0
electric,ion_next,mars_crew_fast,my_pilot_nuclear,random,0,220.0
electric,ion_next,mars_crew_fast,my_pilot_nuclear,random,1,220.0
electric,ion_next,mars_crew_fast,my_pilot_nuclear,random,2,220.0
electric,ion_next,mars_crew_fast,my_pilot_nuclear,random,3,220.0
electric,ion_next,mars_crew_fast,my_pilot_nuclear,random,4,220.0
electric,ion_next,mars_crew_fast,my_pilot_nuclear,random,5,220.0
electric,ion_next,mars_crew_fast,my_pilot_nuclear,random,6,220.0
electric,ion_next,mars_crew_fast,my_pilot_nuclear,random,7,220.0
electric,ion_next,mars_crew_fast,my_pilot_nuclear,sac,0,220.0
electric,ion_next,mars_crew_fast,my_pilot_nuclear,sac,1,220.0
electric,ion_next,mars_crew_fast,my_pilot_nuclear,sac,2,220.0
electric,ion_next,mars_crew_fast,my_pilot_nuclear,sac,3,220.0
electric,ion_next,mars_crew_fast,my_pilot_nuclear,sac,4,220.0
electric,ion_next,mars_crew_fast,my_pilot_nuclear,sac,5,220.0
electric,ion_next,mars_crew_fast,my_pilot_nuclear,sac,6,220.0
electric,ion_next,mars_crew_fast,my_pilot_nuclear,sac,7,220.0
electric,hall_spt100,leo_geo_transfer,smoke,max_thrust,0,1.041666666666666
electric,hall_spt100,leo_geo_transfer,smoke,max_thrust,1,1.020833333333333
electric,hall_spt100,leo_geo_transfer,smoke,max_thrust,2,1.052083333333333
electric,hall_spt100,leo_geo_transfer,smoke,ppo,0,1.03125
electric,hall_spt100,leo_geo_transfer,smoke,ppo,1,1.020833333333333
electric,hall_spt100,leo_geo_transfer,smoke,ppo,2,1.041666666666666
electric,hall_spt100,leo_geo_transfer,smoke,random,0,1.03125
electric,hall_spt100,leo_geo_transfer,smoke,random,1,1.020833333333333
electric,hall_spt100,leo_geo_transfer,smoke,random,2,1.041666666666666
nuclear,nep_kilopower,leo_geo_transfer,my_pilot,edelbaum,0,91.58333333333331
nuclear,nep_kilopower,leo_geo_transfer,my_pilot,edelbaum,1,91.58333333333331
nuclear,nep_kilopower,leo_geo_transfer,my_pilot,edelbaum,2,91.58333333333331
nuclear,nep_kilopower,leo_geo_transfer,my_pilot,edelbaum,3,91.58333333333331
nuclear,nep_kilopower,leo_geo_transfer,my_pilot,edelbaum,4,91.58333333333331
nuclear,nep_kilopower,leo_geo_transfer,my_pilot,edelbaum,5,91.58333333333331
nuclear,nep_kilopower,leo_geo_transfer,my_pilot,edelbaum,6,91.58333333333331
nuclear,nep_kilopower,leo_geo_transfer,my_pilot,edelbaum,7,91.58333333333331
nuclear,nep_kilopower,leo_geo_transfer,my_pilot,max_thrust,0,47.583333333333336
nuclear,nep_kilopower,leo_geo_transfer,my_pilot,max_thrust,1,47.583333333333336
nuclear,nep_kilopower,leo_geo_transfer,my_pilot,max_thrust,2,47.583333333333336
nuclear,nep_kilopower,leo_geo_transfer,my_pilot,max_thrust,3,47.583333333333336
nuclear,nep_kilopower,leo_geo_transfer,my_pilot,max_thrust,4,47.583333333333336
nuclear,nep_kilopower,leo_geo_transfer,my_pilot,max_thrust,5,47.583333333333336
nuclear,nep_kilopower,leo_geo_transfer,my_pilot,max_thrust,6,47.583333333333336
nuclear,nep_kilopower,leo_geo_transfer,my_pilot,max_thrust,7,47.583333333333336
nuclear,nep_kilopower,leo_geo_transfer,my_pilot,ppo,0,365.0
nuclear,nep_kilopower,leo_geo_transfer,my_pilot,ppo,1,365.0
nuclear,nep_kilopower,leo_geo_transfer,my_pilot,ppo,2,365.0
nuclear,nep_kilopower,leo_geo_transfer,my_pilot,ppo,3,365.0
nuclear,nep_kilopower,leo_geo_transfer,my_pilot,ppo,4,365.0
nuclear,nep_kilopower,leo_geo_transfer,my_pilot,ppo,5,365.0
nuclear,nep_kilopower,leo_geo_transfer,my_pilot,ppo,6,365.0
nuclear,nep_kilopower,leo_geo_transfer,my_pilot,ppo,7,365.0
nuclear,nep_kilopower,leo_geo_transfer,my_pilot,prograde,0,81.54166666666667
nuclear,nep_kilopower,leo_geo_transfer,my_pilot,prograde,1,81.54166666666667
nuclear,nep_kilopower,leo_geo_transfer,my_pilot,prograde,2,81.54166666666667
nuclear,nep_kilopower,leo_geo_transfer,my_pilot,prograde,3,81.54166666666667
nuclear,nep_kilopower,leo_geo_transfer,my_pilot,prograde,4,81.54166666666667
nuclear,nep_kilopower,leo_geo_transfer,my_pilot,prograde,5,81.54166666666667
nuclear,nep_kilopower,leo_geo_transfer,my_pilot,prograde,6,81.54166666666667
nuclear,nep_kilopower,leo_geo_transfer,my_pilot,prograde,7,81.54166666666667
nuclear,nep_kilopower,leo_geo_transfer,my_pilot,random,0,241.54166666666669
nuclear,nep_kilopower,leo_geo_transfer,my_pilot,random,1,245.625
nuclear,nep_kilopower,leo_geo_transfer,my_pilot,random,2,245.79166666666663
nuclear,nep_kilopower,leo_geo_transfer,my_pilot,random,3,245.10416666666663
nuclear,nep_kilopower,leo_geo_transfer,my_pilot,random,4,244.62500000000003
nuclear,nep_kilopower,leo_geo_transfer,my_pilot,random,5,246.19791666666663
nuclear,nep_kilopower,leo_geo_transfer,my_pilot,random,6,247.54166666666663
nuclear,nep_kilopower,leo_geo_transfer,my_pilot,random,7,242.52083333333331
nuclear,nep_kilopower,leo_geo_transfer,my_pilot,sac,0,365.0
nuclear,nep_kilopower,leo_geo_transfer,my_pilot,sac,1,365.0
nuclear,nep_kilopower,leo_geo_transfer,my_pilot,sac,2,365.0
nuclear,nep_kilopower,leo_geo_transfer,my_pilot,sac,3,365.0
nuclear,nep_kilopower,leo_geo_transfer,my_pilot,sac,4,365.0
nuclear,nep_kilopower,leo_geo_transfer,my_pilot,sac,5,365.0
nuclear,nep_kilopower,leo_geo_transfer,my_pilot,sac,6,365.0
nuclear,nep_kilopower,leo_geo_transfer,my_pilot,sac,7,365.0
nuclear,nep_brayton,mars_crew_fast,my_pilot_nuclear,max_thrust,0,220.0
nuclear,nep_brayton,mars_crew_fast,my_pilot_nuclear,max_thrust,1,220.0
nuclear,nep_brayton,mars_crew_fast,my_pilot_nuclear,max_thrust,2,220.0
nuclear,nep_brayton,mars_crew_fast,my_pilot_nuclear,max_thrust,3,220.0
nuclear,nep_brayton,mars_crew_fast,my_pilot_nuclear,max_thrust,4,220.0
nuclear,nep_brayton,mars_crew_fast,my_pilot_nuclear,max_thrust,5,220.0
nuclear,nep_brayton,mars_crew_fast,my_pilot_nuclear,max_thrust,6,220.0
nuclear,nep_brayton,mars_crew_fast,my_pilot_nuclear,max_thrust,7,220.0
nuclear,nep_brayton,mars_crew_fast,my_pilot_nuclear,ppo,0,206.94791666666663
nuclear,nep_brayton,mars_crew_fast,my_pilot_nuclear,ppo,1,220.0
nuclear,nep_brayton,mars_crew_fast,my_pilot_nuclear,ppo,2,215.41666666666663
nuclear,nep_brayton,mars_crew_fast,my_pilot_nuclear,ppo,3,220.0
nuclear,nep_brayton,mars_crew_fast,my_pilot_nuclear,ppo,4,194.52083333333331
nuclear,nep_brayton,mars_crew_fast,my_pilot_nuclear,ppo,5,220.0
nuclear,nep_brayton,mars_crew_fast,my_pilot_nuclear,ppo,6,220.0
nuclear,nep_brayton,mars_crew_fast,my_pilot_nuclear,ppo,7,220.0
nuclear,nep_brayton,mars_crew_fast,my_pilot_nuclear,prograde,0,169.83333333333334
nuclear,nep_brayton,mars_crew_fast,my_pilot_nuclear,prograde,1,173.30208333333334
nuclear,nep_brayton,mars_crew_fast,my_pilot_nuclear,prograde,2,170.13541666666666
nuclear,nep_brayton,mars_crew_fast,my_pilot_nuclear,prograde,3,169.58333333333334
nuclear,nep_brayton,mars_crew_fast,my_pilot_nuclear,prograde,4,171.57291666666666
nuclear,nep_brayton,mars_crew_fast,my_pilot_nuclear,prograde,5,169.71875
nuclear,nep_brayton,mars_crew_fast,my_pilot_nuclear,prograde,6,170.34375
nuclear,nep_brayton,mars_crew_fast,my_pilot_nuclear,prograde,7,169.03125
nuclear,nep_brayton,mars_crew_fast,my_pilot_nuclear,random,0,220.0
nuclear,nep_brayton,mars_crew_fast,my_pilot_nuclear,random,1,220.0
nuclear,nep_brayton,mars_crew_fast,my_pilot_nuclear,random,2,220.0
nuclear,nep_brayton,mars_crew_fast,my_pilot_nuclear,random,3,220.0
nuclear,nep_brayton,mars_crew_fast,my_pilot_nuclear,random,4,220.0
nuclear,nep_brayton,mars_crew_fast,my_pilot_nuclear,random,5,220.0
nuclear,nep_brayton,mars_crew_fast,my_pilot_nuclear,random,6,220.0
nuclear,nep_brayton,mars_crew_fast,my_pilot_nuclear,random,7,220.0
nuclear,nep_brayton,mars_crew_fast,my_pilot_nuclear,sac,0,220.0
nuclear,nep_brayton,mars_crew_fast,my_pilot_nuclear,sac,1,220.0
nuclear,nep_brayton,mars_crew_fast,my_pilot_nuclear,sac,2,203.16666666666669
nuclear,nep_brayton,mars_crew_fast,my_pilot_nuclear,sac,3,220.0
nuclear,nep_brayton,mars_crew_fast,my_pilot_nuclear,sac,4,220.0
nuclear,nep_brayton,mars_crew_fast,my_pilot_nuclear,sac,5,220.0
nuclear,nep_brayton,mars_crew_fast,my_pilot_nuclear,sac,6,220.0
nuclear,nep_brayton,mars_crew_fast,my_pilot_nuclear,sac,7,220.0
nuclear,ntp_nerva,mars_crew_fast,my_pilot_nuclear,max_thrust,0,0.0416666666666666
nuclear,ntp_nerva,mars_crew_fast,my_pilot_nuclear,max_thrust,1,0.0416666666666666
nuclear,ntp_nerva,mars_crew_fast,my_pilot_nuclear,max_thrust,2,0.0416666666666666
nuclear,ntp_nerva,mars_crew_fast,my_pilot_nuclear,max_thrust,3,0.0416666666666666
nuclear,ntp_nerva,mars_crew_fast,my_pilot_nuclear,max_thrust,4,0.0416666666666666
nuclear,ntp_nerva,mars_crew_fast,my_pilot_nuclear,max_thrust,5,0.0416666666666666
nuclear,ntp_nerva,mars_crew_fast,my_pilot_nuclear,max_thrust,6,0.0416666666666666
nuclear,ntp_nerva,mars_crew_fast,my_pilot_nuclear,max_thrust,7,0.0416666666666666
nuclear,ntp_nerva,mars_crew_fast,my_pilot_nuclear,ppo,0,0.0416666666666666
nuclear,ntp_nerva,mars_crew_fast,my_pilot_nuclear,ppo,1,0.0416666666666666
nuclear,ntp_nerva,mars_crew_fast,my_pilot_nuclear,ppo,2,0.0416666666666666
nuclear,ntp_nerva,mars_crew_fast,my_pilot_nuclear,ppo,3,0.0416666666666666
nuclear,ntp_nerva,mars_crew_fast,my_pilot_nuclear,ppo,4,0.0416666666666666
nuclear,ntp_nerva,mars_crew_fast,my_pilot_nuclear,ppo,5,0.0416666666666666
nuclear,ntp_nerva,mars_crew_fast,my_pilot_nuclear,ppo,6,0.0416666666666666
nuclear,ntp_nerva,mars_crew_fast,my_pilot_nuclear,ppo,7,0.0416666666666666
nuclear,ntp_nerva,mars_crew_fast,my_pilot_nuclear,prograde,0,0.0416666666666666
nuclear,ntp_nerva,mars_crew_fast,my_pilot_nuclear,prograde,1,0.0416666666666666
nuclear,ntp_nerva,mars_crew_fast,my_pilot_nuclear,prograde,2,0.0416666666666666
nuclear,ntp_nerva,mars_crew_fast,my_pilot_nuclear,prograde,3,0.0416666666666666
nuclear,ntp_nerva,mars_crew_fast,my_pilot_nuclear,prograde,4,0.0416666666666666
nuclear,ntp_nerva,mars_crew_fast,my_pilot_nuclear,prograde,5,0.0416666666666666
nuclear,ntp_nerva,mars_crew_fast,my_pilot_nuclear,prograde,6,0.0416666666666666
nuclear,ntp_nerva,mars_crew_fast,my_pilot_nuclear,prograde,7,0.0416666666666666
nuclear,ntp_nerva,mars_crew_fast,my_pilot_nuclear,random,0,0.0416666666666666
nuclear,ntp_nerva,mars_crew_fast,my_pilot_nuclear,random,1,0.0729166666666666
nuclear,ntp_nerva,mars_crew_fast,my_pilot_nuclear,random,2,0.0520833333333333
nuclear,ntp_nerva,mars_crew_fast,my_pilot_nuclear,random,3,0.0520833333333333
nuclear,ntp_nerva,mars_crew_fast,my_pilot_nuclear,random,4,0.0625
nuclear,ntp_nerva,mars_crew_fast,my_pilot_nuclear,random,5,0.0625
nuclear,ntp_nerva,mars_crew_fast,my_pilot_nuclear,random,6,0.0729166666666666
nuclear,ntp_nerva,mars_crew_fast,my_pilot_nuclear,random,7,0.0520833333333333
nuclear,ntp_nerva,mars_crew_fast,my_pilot_nuclear,sac,0,0.0416666666666666
nuclear,ntp_nerva,mars_crew_fast,my_pilot_nuclear,sac,1,0.0416666666666666
nuclear,ntp_nerva,mars_crew_fast,my_pilot_nuclear,sac,2,0.0416666666666666
nuclear,ntp_nerva,mars_crew_fast,my_pilot_nuclear,sac,3,0.0416666666666666
nuclear,ntp_nerva,mars_crew_fast,my_pilot_nuclear,sac,4,0.0416666666666666
nuclear,ntp_nerva,mars_crew_fast,my_pilot_nuclear,sac,5,0.0833333333333333
nuclear,ntp_nerva,mars_crew_fast,my_pilot_nuclear,sac,6,0.0416666666666666
nuclear,ntp_nerva,mars_crew_fast,my_pilot_nuclear,sac,7,0.0416666666666666
nuclear,ntp_pewee,mars_crew_fast,my_pilot_nuclear,max_thrust,0,0.0833333333333333
nuclear,ntp_pewee,mars_crew_fast,my_pilot_nuclear,max_thrust,1,0.0833333333333333
nuclear,ntp_pewee,mars_crew_fast,my_pilot_nuclear,max_thrust,2,0.0833333333333333
nuclear,ntp_pewee,mars_crew_fast,my_pilot_nuclear,max_thrust,3,0.0833333333333333
nuclear,ntp_pewee,mars_crew_fast,my_pilot_nuclear,max_thrust,4,0.0833333333333333
nuclear,ntp_pewee,mars_crew_fast,my_pilot_nuclear,max_thrust,5,0.0833333333333333
nuclear,ntp_pewee,mars_crew_fast,my_pilot_nuclear,max_thrust,6,0.0833333333333333
nuclear,ntp_pewee,mars_crew_fast,my_pilot_nuclear,max_thrust,7,0.0833333333333333
nuclear,ntp_pewee,mars_crew_fast,my_pilot_nuclear,ppo,0,0.1145833333333333
nuclear,ntp_pewee,mars_crew_fast,my_pilot_nuclear,ppo,1,0.0937499999999999
nuclear,ntp_pewee,mars_crew_fast,my_pilot_nuclear,ppo,2,0.125
nuclear,ntp_pewee,mars_crew_fast,my_pilot_nuclear,ppo,3,0.125
nuclear,ntp_pewee,mars_crew_fast,my_pilot_nuclear,ppo,4,0.1041666666666666
nuclear,ntp_pewee,mars_crew_fast,my_pilot_nuclear,ppo,5,0.125
nuclear,ntp_pewee,mars_crew_fast,my_pilot_nuclear,ppo,6,0.1145833333333333
nuclear,ntp_pewee,mars_crew_fast,my_pilot_nuclear,ppo,7,0.125
nuclear,ntp_pewee,mars_crew_fast,my_pilot_nuclear,prograde,0,0.0833333333333333
nuclear,ntp_pewee,mars_crew_fast,my_pilot_nuclear,prograde,1,0.0833333333333333
nuclear,ntp_pewee,mars_crew_fast,my_pilot_nuclear,prograde,2,0.0833333333333333
nuclear,ntp_pewee,mars_crew_fast,my_pilot_nuclear,prograde,3,0.0833333333333333
nuclear,ntp_pewee,mars_crew_fast,my_pilot_nuclear,prograde,4,0.0833333333333333
nuclear,ntp_pewee,mars_crew_fast,my_pilot_nuclear,prograde,5,0.0833333333333333
nuclear,ntp_pewee,mars_crew_fast,my_pilot_nuclear,prograde,6,0.0833333333333333
nuclear,ntp_pewee,mars_crew_fast,my_pilot_nuclear,prograde,7,0.0833333333333333
nuclear,ntp_pewee,mars_crew_fast,my_pilot_nuclear,random,0,0.1562499999999999
nuclear,ntp_pewee,mars_crew_fast,my_pilot_nuclear,random,1,0.0937499999999999
nuclear,ntp_pewee,mars_crew_fast,my_pilot_nuclear,random,2,0.1354166666666666
nuclear,ntp_pewee,mars_crew_fast,my_pilot_nuclear,random,3,0.1041666666666666
nuclear,ntp_pewee,mars_crew_fast,my_pilot_nuclear,random,4,0.1041666666666666
nuclear,ntp_pewee,mars_crew_fast,my_pilot_nuclear,random,5,0.1458333333333333
nuclear,ntp_pewee,mars_crew_fast,my_pilot_nuclear,random,6,0.1041666666666666
nuclear,ntp_pewee,mars_crew_fast,my_pilot_nuclear,random,7,0.1666666666666666
nuclear,ntp_pewee,mars_crew_fast,my_pilot_nuclear,sac,0,0.125
nuclear,ntp_pewee,mars_crew_fast,my_pilot_nuclear,sac,1,0.125
nuclear,ntp_pewee,mars_crew_fast,my_pilot_nuclear,sac,2,0.125
nuclear,ntp_pewee,mars_crew_fast,my_pilot_nuclear,sac,3,0.125
nuclear,ntp_pewee,mars_crew_fast,my_pilot_nuclear,sac,4,0.125
nuclear,ntp_pewee,mars_crew_fast,my_pilot_nuclear,sac,5,0.125
nuclear,ntp_pewee,mars_crew_fast,my_pilot_nuclear,sac,6,0.125
nuclear,ntp_pewee,mars_crew_fast,my_pilot_nuclear,sac,7,0.125
nuclear,nep_kilopower,leo_geo_transfer,smoke,max_thrust,0,2.5
nuclear,nep_kilopower,leo_geo_transfer,smoke,max_thrust,1,2.5
nuclear,nep_kilopower,leo_geo_transfer,smoke,max_thrust,2,2.5
nuclear,nep_kilopower,leo_geo_transfer,smoke,ppo,0,2.5
nuclear,nep_kilopower,leo_geo_transfer,smoke,ppo,1,2.5
nuclear,nep_kilopower,leo_geo_transfer,smoke,ppo,2,2.5
nuclear,nep_kilopower,leo_geo_transfer,smoke,random,0,2.5
nuclear,nep_kilopower,leo_geo_transfer,smoke,random,1,2.5
nuclear,nep_kilopower,leo_geo_transfer,smoke,random,2,2.5
nuclear,ntp_pewee,leo_geo_transfer,smoke,max_thrust,0,0.041666666666666005
nuclear,ntp_pewee,leo_geo_transfer,smoke,max_thrust,1,0.041666666666666005
nuclear,ntp_pewee,leo_geo_transfer,smoke,max_thrust,2,0.041666666666666005
nuclear,ntp_pewee,leo_geo_transfer,smoke,ppo,0,0.041666666666666005
nuclear,ntp_pewee,leo_geo_transfer,smoke,ppo,1,0.041666666666666005
nuclear,ntp_pewee,leo_geo_transfer,smoke,ppo,2,0.041666666666666005
nuclear,ntp_pewee,leo_geo_transfer,smoke,random,0,0.0625
nuclear,ntp_pewee,leo_geo_transfer,smoke,random,1,0.041666666666666005
nuclear,ntp_pewee,leo_geo_transfer,smoke,random,2,0.041666666666666005
