family,propulsion,mission,sweep,agent,seed,termination_reason_mode
electric,hall_hermes,earth_mars_cargo,electric_vs_nuclear,bang_bang,0,timeout
electric,hall_hermes,earth_mars_cargo,electric_vs_nuclear,bang_bang,0,timeout
electric,hall_hermes,earth_mars_cargo,electric_vs_nuclear,bang_bang,1,timeout
electric,hall_hermes,earth_mars_cargo,electric_vs_nuclear,bang_bang,1,timeout
electric,hall_hermes,earth_mars_cargo,electric_vs_nuclear,bang_bang,2,timeout
electric,hall_hermes,earth_mars_cargo,electric_vs_nuclear,bang_bang,2,timeout
electric,hall_hermes,earth_mars_cargo,electric_vs_nuclear,bang_bang,3,timeout
electric,hall_hermes,earth_mars_cargo,electric_vs_nuclear,bang_bang,3,timeout
electric,hall_hermes,earth_mars_cargo,electric_vs_nuclear,bang_bang,4,timeout
electric,hall_hermes,earth_mars_cargo,electric_vs_nuclear,bang_bang,4,timeout
electric,hall_hermes,earth_mars_cargo,electric_vs_nuclear,bang_bang,5,timeout
electric,hall_hermes,earth_mars_cargo,electric_vs_nuclear,bang_bang,5,timeout
electric,hall_hermes,earth_mars_cargo,electric_vs_nuclear,bang_bang,6,timeout
electric,hall_hermes,earth_mars_cargo,electric_vs_nuclear,bang_bang,6,timeout
electric,hall_hermes,earth_mars_cargo,electric_vs_nuclear,bang_bang,7,timeout
electric,hall_hermes,earth_mars_cargo,electric_vs_nuclear,bang_bang,7,timeout
electric,hall_hermes,leo_geo_transfer,my_pilot,edelbaum,0,timeout
electric,hall_hermes,leo_geo_transfer,my_pilot,edelbaum,1,timeout
electric,hall_hermes,leo_geo_transfer,my_pilot,edelbaum,2,timeout
electric,hall_hermes,leo_geo_transfer,my_pilot,edelbaum,3,timeout
electric,hall_hermes,leo_geo_transfer,my_pilot,edelbaum,4,timeout
electric,hall_hermes,leo_geo_transfer,my_pilot,edelbaum,5,timeout
electric,hall_hermes,leo_geo_transfer,my_pilot,edelbaum,6,timeout
electric,hall_hermes,leo_geo_transfer,my_pilot,edelbaum,7,timeout
electric,hall_hermes,leo_geo_transfer,my_pilot,max_thrust,0,timeout
electric,hall_hermes,leo_geo_transfer,my_pilot,max_thrust,1,timeout
electric,hall_hermes,leo_geo_transfer,my_pilot,max_thrust,2,timeout
electric,hall_hermes,leo_geo_transfer,my_pilot,max_thrust,3,timeout
electric,hall_hermes,leo_geo_transfer,my_pilot,max_thrust,4,timeout
electric,hall_hermes,leo_geo_transfer,my_pilot,max_thrust,5,timeout
electric,hall_hermes,leo_geo_transfer,my_pilot,max_thrust,6,timeout
electric,hall_hermes,leo_geo_transfer,my_pilot,max_thrust,7,timeout
electric,hall_hermes,leo_geo_transfer,my_pilot,ppo,0,timeout
electric,hall_hermes,leo_geo_transfer,my_pilot,ppo,1,timeout
electric,hall_hermes,leo_geo_transfer,my_pilot,ppo,2,timeout
electric,hall_hermes,leo_geo_transfer,my_pilot,ppo,3,timeout
electric,hall_hermes,leo_geo_transfer,my_pilot,ppo,4,timeout
electric,hall_hermes,leo_geo_transfer,my_pilot,ppo,5,timeout
electric,hall_hermes,leo_geo_transfer,my_pilot,ppo,6,timeout
electric,hall_hermes,leo_geo_transfer,my_pilot,ppo,7,timeout
electric,hall_hermes,leo_geo_transfer,my_pilot,prograde,0,timeout
electric,hall_hermes,leo_geo_transfer,my_pilot,prograde,1,timeout
electric,hall_hermes,leo_geo_transfer,my_pilot,prograde,2,timeout
electric,hall_hermes,leo_geo_transfer,my_pilot,prograde,3,timeout
electric,hall_hermes,leo_geo_transfer,my_pilot,prograde,4,timeout
electric,hall_hermes,leo_geo_transfer,my_pilot,prograde,5,timeout
electric,hall_hermes,leo_geo_transfer,my_pilot,prograde,6,timeout
electric,hall_hermes,leo_geo_transfer,my_pilot,prograde,7,timeout
electric,hall_hermes,leo_geo_transfer,my_pilot,random,0,timeout
electric,hall_hermes,leo_geo_transfer,my_pilot,random,1,timeout
electric,hall_hermes,leo_geo_transfer,my_pilot,random,2,timeout
electric,hall_hermes,leo_geo_transfer,my_pilot,random,3,timeout
electric,hall_hermes,leo_geo_transfer,my_pilot,random,4,timeout
electric,hall_hermes,leo_geo_transfer,my_pilot,random,5,timeout
electric,hall_hermes,leo_geo_transfer,my_pilot,random,6,timeout
electric,hall_hermes,leo_geo_transfer,my_pilot,random,7,timeout
electric,hall_hermes,leo_geo_transfer,my_pilot,sac,0,timeout
electric,hall_hermes,leo_geo_transfer,my_pilot,sac,1,timeout
electric,hall_hermes,leo_geo_transfer,my_pilot,sac,2,timeout
electric,hall_hermes,leo_geo_transfer,my_pilot,sac,3,timeout
electric,hall_hermes,leo_geo_transfer,my_pilot,sac,4,timeout
electric,hall_hermes,leo_geo_transfer,my_pilot,sac,5,timeout
electric,hall_hermes,leo_geo_transfer,my_pilot,sac,6,timeout
electric,hall_hermes,leo_geo_transfer,my_pilot,sac,7,timeout
electric,hall_spt100,leo_geo_transfer,my_pilot,edelbaum,0,timeout
electric,hall_spt100,leo_geo_transfer,my_pilot,edelbaum,1,timeout
electric,hall_spt100,leo_geo_transfer,my_pilot,edelbaum,2,timeout
electric,hall_spt100,leo_geo_transfer,my_pilot,edelbaum,3,timeout
electric,hall_spt100,leo_geo_transfer,my_pilot,edelbaum,4,timeout
electric,hall_spt100,leo_geo_transfer,my_pilot,edelbaum,5,timeout
electric,hall_spt100,leo_geo_transfer,my_pilot,edelbaum,6,timeout
electric,hall_spt100,leo_geo_transfer,my_pilot,edelbaum,7,timeout
electric,hall_spt100,leo_geo_transfer,my_pilot,max_thrust,0,timeout
electric,hall_spt100,leo_geo_transfer,my_pilot,max_thrust,1,timeout
electric,hall_spt100,leo_geo_transfer,my_pilot,max_thrust,2,timeout
electric,hall_spt100,leo_geo_transfer,my_pilot,max_thrust,3,timeout
electric,hall_spt100,leo_geo_transfer,my_pilot,max_thrust,4,timeout
electric,hall_spt100,leo_geo_transfer,my_pilot,max_thrust,5,timeout
electric,hall_spt100,leo_geo_transfer,my_pilot,max_thrust,6,timeout
electric,hall_spt100,leo_geo_transfer,my_pilot,max_thrust,7,timeout
electric,hall_spt100,leo_geo_transfer,my_pilot,ppo,0,timeout
electric,hall_spt100,leo_geo_transfer,my_pilot,ppo,1,timeout
electric,hall_spt100,leo_geo_transfer,my_pilot,ppo,2,timeout
electric,hall_spt100,leo_geo_transfer,my_pilot,ppo,3,timeout
electric,hall_spt100,leo_geo_transfer,my_pilot,ppo,4,timeout
electric,hall_spt100,leo_geo_transfer,my_pilot,ppo,5,timeout
electric,hall_spt100,leo_geo_transfer,my_pilot,ppo,6,timeout
electric,hall_spt100,leo_geo_transfer,my_pilot,ppo,7,timeout
electric,hall_spt100,leo_geo_transfer,my_pilot,prograde,0,timeout
electric,hall_spt100,leo_geo_transfer,my_pilot,prograde,1,timeout
electric,hall_spt100,leo_geo_transfer,my_pilot,prograde,2,timeout
electric,hall_spt100,leo_geo_transfer,my_pilot,prograde,3,timeout
electric,hall_spt100,leo_geo_transfer,my_pilot,prograde,4,timeout
electric,hall_spt100,leo_geo_transfer,my_pilot,prograde,5,timeout
electric,hall_spt100,leo_geo_transfer,my_pilot,prograde,6,timeout
electric,hall_spt100,leo_geo_transfer,my_pilot,prograde,7,timeout
electric,hall_spt100,leo_geo_transfer,my_pilot,random,0,timeout
electric,hall_spt100,leo_geo_transfer,my_pilot,random,1,timeout
electric,hall_spt100,leo_geo_transfer,my_pilot,random,2,timeout
electric,hall_spt100,leo_geo_transfer,my_pilot,random,3,timeout
electric,hall_spt100,leo_geo_transfer,my_pilot,random,4,timeout
electric,hall_spt100,leo_geo_transfer,my_pilot,random,5,timeout
electric,hall_spt100,leo_geo_transfer,my_pilot,random,6,timeout
electric,hall_spt100,leo_geo_transfer,my_pilot,random,7,timeout
electric,hall_spt100,leo_geo_transfer,my_pilot,sac,0,timeout
electric,hall_spt100,leo_geo_transfer,my_pilot,sac,1,timeout
electric,hall_spt100,leo_geo_transfer,my_pilot,sac,2,timeout
electric,hall_spt100,leo_geo_transfer,my_pilot,sac,3,timeout
electric,hall_spt100,leo_geo_transfer,my_pilot,sac,4,timeout
electric,hall_spt100,leo_geo_transfer,my_pilot,sac,5,timeout
electric,hall_spt100,leo_geo_transfer,my_pilot,sac,6,timeout
electric,hall_spt100,leo_geo_transfer,my_pilot,sac,7,timeout
electric,ion_next,leo_geo_transfer,my_pilot,edelbaum,0,timeout
electric,ion_next,leo_geo_transfer,my_pilot,edelbaum,1,timeout
electric,ion_next,leo_geo_transfer,my_pilot,edelbaum,2,timeout
electric,ion_next,leo_geo_transfer,my_pilot,edelbaum,3,timeout
electric,ion_next,leo_geo_transfer,my_pilot,edelbaum,4,timeout
electric,ion_next,leo_geo_transfer,my_pilot,edelbaum,5,timeout
electric,ion_next,leo_geo_transfer,my_pilot,edelbaum,6,timeout
electric,ion_next,leo_geo_transfer,my_pilot,edelbaum,7,timeout
electric,ion_next,leo_geo_transfer,my_pilot,max_thrust,0,timeout
electric,ion_next,leo_geo_transfer,my_pilot,max_thrust,1,timeout
electric,ion_next,leo_geo_transfer,my_pilot,max_thrust,2,timeout
electric,ion_next,leo_geo_transfer,my_pilot,max_thrust,3,timeout
electric,ion_next,leo_geo_transfer,my_pilot,max_thrust,4,timeout
electric,ion_next,leo_geo_transfer,my_pilot,max_thrust,5,timeout
electric,ion_next,leo_geo_transfer,my_pilot,max_thrust,6,timeout
electric,ion_next,leo_geo_transfer,my_pilot,max_thrust,7,timeout
electric,ion_next,leo_geo_transfer,my_pilot,ppo,0,timeout
electric,ion_next,leo_geo_transfer,my_pilot,ppo,1,timeout
electric,ion_next,leo_geo_transfer,my_pilot,ppo,2,timeout
electric,ion_next,leo_geo_transfer,my_pilot,ppo,3,timeout
electric,ion_next,leo_geo_transfer,my_pilot,ppo,4,timeout
electric,ion_next,leo_geo_transfer,my_pilot,ppo,5,timeout
electric,ion_next,leo_geo_transfer,my_pilot,ppo,6,timeout
electric,ion_next,leo_geo_transfer,my_pilot,ppo,7,timeout
electric,ion_next,leo_geo_transfer,my_pilot,prograde,0,timeout
electric,ion_next,leo_geo_transfer,my_pilot,prograde,1,timeout
electric,ion_next,leo_geo_transfer,my_pilot,prograde,2,timeout
electric,ion_next,leo_geo_transfer,my_pilot,prograde,3,timeout
electric,ion_next,leo_geo_transfer,my_pilot,prograde,4,timeout
electric,ion_next,leo_geo_transfer,my_pilot,prograde,5,timeout
electric,ion_next,leo_geo_transfer,my_pilot,prograde,6,timeout
electric,ion_next,leo_geo_transfer,my_pilot,prograde,7,timeout
electric,ion_next,leo_geo_transfer,my_pilot,random,0,timeout
electric,ion_next,leo_geo_transfer,my_pilot,random,1,timeout
electric,ion_next,leo_geo_transfer,my_pilot,random,2,timeout
electric,ion_next,leo_geo_transfer,my_pilot,random,3,timeout
electric,ion_next,leo_geo_transfer,my_pilot,random,4,timeout
electric,ion_next,leo_geo_transfer,my_pilot,random,5,timeout
electric,ion_next,leo_geo_transfer,my_pilot,random,6,timeout
electric,ion_next,leo_geo_transfer,my_pilot,random,7,timeout
electric,ion_next,leo_geo_transfer,my_pilot,sac,0,timeout
electric,ion_next,leo_geo_transfer,my_pilot,sac,1,timeout
electric,ion_next,leo_geo_transfer,my_pilot,sac,2,timeout
electric,ion_next,leo_geo_transfer,my_pilot,sac,3,timeout
electric,ion_next,leo_geo_transfer,my_pilot,sac,4,timeout
electric,ion_next,leo_geo_transfer,my_pilot,sac,5,timeout
electric,ion_next,leo_geo_transfer,my_pilot,sac,6,timeout
electric,ion_next,leo_geo_transfer,my_pilot,sac,7,timeout
electric,ion_nstar,leo_geo_transfer,my_pilot,edelbaum,0,timeout
electric,ion_nstar,leo_geo_transfer,my_pilot,edelbaum,1,timeout
electric,ion_nstar,leo_geo_transfer,my_pilot,edelbaum,2,timeout
electric,ion_nstar,leo_geo_transfer,my_pilot,edelbaum,3,timeout
electric,ion_nstar,leo_geo_transfer,my_pilot,edelbaum,4,timeout
electric,ion_nstar,leo_geo_transfer,my_pilot,edelbaum,5,timeout
electric,ion_nstar,leo_geo_transfer,my_pilot,edelbaum,6,timeout
electric,ion_nstar,leo_geo_transfer,my_pilot,edelbaum,7,timeout
electric,ion_nstar,leo_geo_transfer,my_pilot,max_thrust,0,timeout
electric,ion_nstar,leo_geo_transfer,my_pilot,max_thrust,1,timeout
electric,ion_nstar,leo_geo_transfer,my_pilot,max_thrust,2,timeout
electric,ion_nstar,leo_geo_transfer,my_pilot,max_thrust,3,timeout
electric,ion_nstar,leo_geo_transfer,my_pilot,max_thrust,4,timeout
electric,ion_nstar,leo_geo_transfer,my_pilot,max_thrust,5,timeout
electric,ion_nstar,leo_geo_transfer,my_pilot,max_thrust,6,timeout
electric,ion_nstar,leo_geo_transfer,my_pilot,max_thrust,7,timeout
electric,ion_nstar,leo_geo_transfer,my_pilot,ppo,0,timeout
electric,ion_nstar,leo_geo_transfer,my_pilot,ppo,1,timeout
electric,ion_nstar,leo_geo_transfer,my_pilot,ppo,2,timeout
electric,ion_nstar,leo_geo_transfer,my_pilot,ppo,3,timeout
electric,ion_nstar,leo_geo_transfer,my_pilot,ppo,4,timeout
electric,ion_nstar,leo_geo_transfer,my_pilot,ppo,5,timeout
electric,ion_nstar,leo_geo_transfer,my_pilot,ppo,6,timeout
electric,ion_nstar,leo_geo_transfer,my_pilot,ppo,7,timeout
electric,ion_nstar,leo_geo_transfer,my_pilot,prograde,0,timeout
electric,ion_nstar,leo_geo_transfer,my_pilot,prograde,1,timeout
electric,ion_nstar,leo_geo_transfer,my_pilot,prograde,2,timeout
electric,ion_nstar,leo_geo_transfer,my_pilot,prograde,3,timeout
electric,ion_nstar,leo_geo_transfer,my_pilot,prograde,4,timeout
electric,ion_nstar,leo_geo_transfer,my_pilot,prograde,5,timeout
electric,ion_nstar,leo_geo_transfer,my_pilot,prograde,6,timeout
electric,ion_nstar,leo_geo_transfer,my_pilot,prograde,7,timeout
electric,ion_nstar,leo_geo_transfer,my_pilot,random,0,timeout
electric,ion_nstar,leo_geo_transfer,my_pilot,random,1,timeout
electric,ion_nstar,leo_geo_transfer,my_pilot,random,2,timeout
electric,ion_nstar,leo_geo_transfer,my_pilot,random,3,timeout
electric,ion_nstar,leo_geo_transfer,my_pilot,random,4,timeout
electric,ion_nstar,leo_geo_transfer,my_pilot,random,5,timeout
electric,ion_nstar,leo_geo_transfer,my_pilot,random,6,timeout
electric,ion_nstar,leo_geo_transfer,my_pilot,random,7,timeout
electric,ion_nstar,leo_geo_transfer,my_pilot,sac,0,timeout
electric,ion_nstar,leo_geo_transfer,my_pilot,sac,1,timeout
electric,ion_nstar,leo_geo_transfer,my_pilot,sac,2,timeout
electric,ion_nstar,leo_geo_transfer,my_pilot,sac,3,timeout
electric,ion_nstar,leo_geo_transfer,my_pilot,sac,4,timeout
electric,ion_nstar,leo_geo_transfer,my_pilot,sac,5,timeout
electric,ion_nstar,leo_geo_transfer,my_pilot,sac,6,timeout
electric,ion_nstar,leo_geo_transfer,my_pilot,sac,7,timeout
electric,hall_hermes,mars_crew_fast,my_pilot_nuclear,max_thrust,0,timeout
electric,hall_hermes,mars_crew_fast,my_pilot_nuclear,max_thrust,1,timeout
electric,hall_hermes,mars_crew_fast,my_pilot_nuclear,max_thrust,2,timeout
electric,hall_hermes,mars_crew_fast,my_pilot_nuclear,max_thrust,3,timeout
electric,hall_hermes,mars_crew_fast,my_pilot_nuclear,max_thrust,4,timeout
electric,hall_hermes,mars_crew_fast,my_pilot_nuclear,max_thrust,5,timeout
electric,hall_hermes,mars_crew_fast,my_pilot_nuclear,max_thrust,6,timeout
electric,hall_hermes,mars_crew_fast,my_pilot_nuclear,max_thrust,7,timeout
electric,hall_hermes,mars_crew_fast,my_pilot_nuclear,ppo,0,timeout
electric,hall_hermes,mars_crew_fast,my_pilot_nuclear,ppo,1,timeout
electric,hall_hermes,mars_crew_fast,my_pilot_nuclear,ppo,2,timeout
electric,hall_hermes,mars_crew_fast,my_pilot_nuclear,ppo,3,timeout
electric,hall_hermes,mars_crew_fast,my_pilot_nuclear,ppo,4,timeout
electric,hall_hermes,mars_crew_fast,my_pilot_nuclear,ppo,5,timeout
electric,hall_hermes,mars_crew_fast,my_pilot_nuclear,ppo,6,timeout
electric,hall_hermes,mars_crew_fast,my_pilot_nuclear,ppo,7,timeout
electric,hall_hermes,mars_crew_fast,my_pilot_nuclear,prograde,0,timeout
electric,hall_hermes,mars_crew_fast,my_pilot_nuclear,prograde,1,timeout
electric,hall_hermes,mars_crew_fast,my_pilot_nuclear,prograde,2,timeout
electric,hall_hermes,mars_crew_fast,my_pilot_nuclear,prograde,3,timeout
electric,hall_hermes,mars_crew_fast,my_pilot_nuclear,prograde,4,timeout
electric,hall_hermes,mars_crew_fast,my_pilot_nuclear,prograde,5,timeout
electric,hall_hermes,mars_crew_fast,my_pilot_nuclear,prograde,6,timeout
electric,hall_hermes,mars_crew_fast,my_pilot_nuclear,prograde,7,timeout
electric,hall_hermes,mars_crew_fast,my_pilot_nuclear,random,0,timeout
electric,hall_hermes,mars_crew_fast,my_pilot_nuclear,random,1,timeout
electric,hall_hermes,mars_crew_fast,my_pilot_nuclear,random,2,timeout
electric,hall_hermes,mars_crew_fast,my_pilot_nuclear,random,3,timeout
electric,hall_hermes,mars_crew_fast,my_pilot_nuclear,random,4,timeout
electric,hall_hermes,mars_crew_fast,my_pilot_nuclear,random,5,timeout
electric,hall_hermes,mars_crew_fast,my_pilot_nuclear,random,6,timeout
electric,hall_hermes,mars_crew_fast,my_pilot_nuclear,random,7,timeout
electric,hall_hermes,mars_crew_fast,my_pilot_nuclear,sac,0,timeout
electric,hall_hermes,mars_crew_fast,my_pilot_nuclear,sac,1,timeout
electric,hall_hermes,mars_crew_fast,my_pilot_nuclear,sac,2,timeout
electric,hall_hermes,mars_crew_fast,my_pilot_nuclear,sac,3,timeout
electric,hall_hermes,mars_crew_fast,my_pilot_nuclear,sac,4,timeout
electric,hall_hermes,mars_crew_fast,my_pilot_nuclear,sac,5,timeout
electric,hall_hermes,mars_crew_fast,my_pilot_nuclear,sac,6,timeout
electric,hall_hermes,mars_crew_fast,my_pilot_nuclear,sac,7,timeout
electric,ion_next,mars_crew_fast,my_pilot_nuclear,max_thrust,0,timeout
electric,ion_next,mars_crew_fast,my_pilot_nuclear,max_thrust,1,timeout
electric,ion_next,mars_crew_fast,my_pilot_nuclear,max_thrust,2,timeout
electric,ion_next,mars_crew_fast,my_pilot_nuclear,max_thrust,3,timeout
electric,ion_next,mars_crew_fast,my_pilot_nuclear,max_thrust,4,timeout
electric,ion_next,mars_crew_fast,my_pilot_nuclear,max_thrust,5,timeout
electric,ion_next,mars_crew_fast,my_pilot_nuclear,max_thrust,6,timeout
electric,ion_next,mars_crew_fast,my_pilot_nuclear,max_thrust,7,timeout
electric,ion_next,mars_crew_fast,my_pilot_nuclear,ppo,0,timeout
electric,ion_next,mars_crew_fast,my_pilot_nuclear,ppo,1,timeout
electric,ion_next,mars_crew_fast,my_pilot_nuclear,ppo,2,timeout
electric,ion_next,mars_crew_fast,my_pilot_nuclear,ppo,3,timeout
electric,ion_next,mars_crew_fast,my_pilot_nuclear,ppo,4,timeout
electric,ion_next,mars_crew_fast,my_pilot_nuclear,ppo,5,timeout
electric,ion_next,mars_crew_fast,my_pilot_nuclear,ppo,6,timeout
electric,ion_next,mars_crew_fast,my_pilot_nuclear,ppo,7,timeout
electric,ion_next,mars_crew_fast,my_pilot_nuclear,prograde,0,timeout
electric,ion_next,mars_crew_fast,my_pilot_nuclear,prograde,1,timeout
electric,ion_next,mars_crew_fast,my_pilot_nuclear,prograde,2,timeout
electric,ion_next,mars_crew_fast,my_pilot_nuclear,prograde,3,timeout
electric,ion_next,mars_crew_fast,my_pilot_nuclear,prograde,4,timeout
electric,ion_next,mars_crew_fast,my_pilot_nuclear,prograde,5,timeout
electric,ion_next,mars_crew_fast,my_pilot_nuclear,prograde,6,timeout
electric,ion_next,mars_crew_fast,my_pilot_nuclear,prograde,7,timeout
electric,ion_next,mars_crew_fast,my_pilot_nuclear,random,0,timeout
electric,ion_next,mars_crew_fast,my_pilot_nuclear,random,1,timeout
electric,ion_next,mars_crew_fast,my_pilot_nuclear,random,2,timeout
electric,ion_next,mars_crew_fast,my_pilot_nuclear,random,3,timeout
electric,ion_next,mars_crew_fast,my_pilot_nuclear,random,4,timeout
electric,ion_next,mars_crew_fast,my_pilot_nuclear,random,5,timeout
electric,ion_next,mars_crew_fast,my_pilot_nuclear,random,6,timeout
electric,ion_next,mars_crew_fast,my_pilot_nuclear,random,7,timeout
electric,ion_next,mars_crew_fast,my_pilot_nuclear,sac,0,timeout
electric,ion_next,mars_crew_fast,my_pilot_nuclear,sac,1,timeout
electric,ion_next,mars_crew_fast,my_pilot_nuclear,sac,2,timeout
electric,ion_next,mars_crew_fast,my_pilot_nuclear,sac,3,timeout
electric,ion_next,mars_crew_fast,my_pilot_nuclear,sac,4,timeout
electric,ion_next,mars_crew_fast,my_pilot_nuclear,sac,5,timeout
electric,ion_next,mars_crew_fast,my_pilot_nuclear,sac,6,timeout
electric,ion_next,mars_crew_fast,my_pilot_nuclear,sac,7,timeout
electric,hall_spt100,leo_geo_transfer,smoke,max_thrust,0,safety_violation
electric,hall_spt100,leo_geo_transfer,smoke,max_thrust,1,safety_violation
electric,hall_spt100,leo_geo_transfer,smoke,max_thrust,2,safety_violation
electric,hall_spt100,leo_geo_transfer,smoke,ppo,0,safety_violation
electric,hall_spt100,leo_geo_transfer,smoke,ppo,1,safety_violation
electric,hall_spt100,leo_geo_transfer,smoke,ppo,2,safety_violation
electric,hall_spt100,leo_geo_transfer,smoke,random,0,safety_violation
electric,hall_spt100,leo_geo_transfer,smoke,random,1,safety_violation
electric,hall_spt100,leo_geo_transfer,smoke,random,2,safety_violation
nuclear,nep_kilopower,leo_geo_transfer,my_pilot,edelbaum,0,out_of_propellant
nuclear,nep_kilopower,leo_geo_transfer,my_pilot,edelbaum,1,out_of_propellant
nuclear,nep_kilopower,leo_geo_transfer,my_pilot,edelbaum,2,out_of_propellant
nuclear,nep_kilopower,leo_geo_transfer,my_pilot,edelbaum,3,out_of_propellant
nuclear,nep_kilopower,leo_geo_transfer,my_pilot,edelbaum,4,out_of_propellant
nuclear,nep_kilopower,leo_geo_transfer,my_pilot,edelbaum,5,out_of_propellant
nuclear,nep_kilopower,leo_geo_transfer,my_pilot,edelbaum,6,out_of_propellant
nuclear,nep_kilopower,leo_geo_transfer,my_pilot,edelbaum,7,out_of_propellant
nuclear,nep_kilopower,leo_geo_transfer,my_pilot,max_thrust,0,out_of_propellant
nuclear,nep_kilopower,leo_geo_transfer,my_pilot,max_thrust,1,out_of_propellant
nuclear,nep_kilopower,leo_geo_transfer,my_pilot,max_thrust,2,out_of_propellant
nuclear,nep_kilopower,leo_geo_transfer,my_pilot,max_thrust,3,out_of_propellant
nuclear,nep_kilopower,leo_geo_transfer,my_pilot,max_thrust,4,out_of_propellant
nuclear,nep_kilopower,leo_geo_transfer,my_pilot,max_thrust,5,out_of_propellant
nuclear,nep_kilopower,leo_geo_transfer,my_pilot,max_thrust,6,out_of_propellant
nuclear,nep_kilopower,leo_geo_transfer,my_pilot,max_thrust,7,out_of_propellant
nuclear,nep_kilopower,leo_geo_transfer,my_pilot,ppo,0,timeout
nuclear,nep_kilopower,leo_geo_transfer,my_pilot,ppo,1,timeout
nuclear,nep_kilopower,leo_geo_transfer,my_pilot,ppo,2,timeout
nuclear,nep_kilopower,leo_geo_transfer,my_pilot,ppo,3,timeout
nuclear,nep_kilopower,leo_geo_transfer,my_pilot,ppo,4,timeout
nuclear,nep_kilopower,leo_geo_transfer,my_pilot,ppo,5,timeout
nuclear,nep_kilopower,leo_geo_transfer,my_pilot,ppo,6,timeout
nuclear,nep_kilopower,leo_geo_transfer,my_pilot,ppo,7,timeout
nuclear,nep_kilopower,leo_geo_transfer,my_pilot,prograde,0,out_of_propellant
nuclear,nep_kilopower,leo_geo_transfer,my_pilot,prograde,1,out_of_propellant
nuclear,nep_kilopower,leo_geo_transfer,my_pilot,prograde,2,out_of_propellant
nuclear,nep_kilopower,leo_geo_transfer,my_pilot,prograde,3,out_of_propellant
nuclear,nep_kilopower,leo_geo_transfer,my_pilot,prograde,4,out_of_propellant
nuclear,nep_kilopower,leo_geo_transfer,my_pilot,prograde,5,out_of_propellant
nuclear,nep_kilopower,leo_geo_transfer,my_pilot,prograde,6,out_of_propellant
nuclear,nep_kilopower,leo_geo_transfer,my_pilot,prograde,7,out_of_propellant
nuclear,nep_kilopower,leo_geo_transfer,my_pilot,random,0,out_of_propellant
nuclear,nep_kilopower,leo_geo_transfer,my_pilot,random,1,out_of_propellant
nuclear,nep_kilopower,leo_geo_transfer,my_pilot,random,2,out_of_propellant
nuclear,nep_kilopower,leo_geo_transfer,my_pilot,random,3,out_of_propellant
nuclear,nep_kilopower,leo_geo_transfer,my_pilot,random,4,out_of_propellant
nuclear,nep_kilopower,leo_geo_transfer,my_pilot,random,5,out_of_propellant
nuclear,nep_kilopower,leo_geo_transfer,my_pilot,random,6,out_of_propellant
nuclear,nep_kilopower,leo_geo_transfer,my_pilot,random,7,out_of_propellant
nuclear,nep_kilopower,leo_geo_transfer,my_pilot,sac,0,timeout
nuclear,nep_kilopower,leo_geo_transfer,my_pilot,sac,1,timeout
nuclear,nep_kilopower,leo_geo_transfer,my_pilot,sac,2,timeout
nuclear,nep_kilopower,leo_geo_transfer,my_pilot,sac,3,timeout
nuclear,nep_kilopower,leo_geo_transfer,my_pilot,sac,4,timeout
nuclear,nep_kilopower,leo_geo_transfer,my_pilot,sac,5,timeout
nuclear,nep_kilopower,leo_geo_transfer,my_pilot,sac,6,timeout
nuclear,nep_kilopower,leo_geo_transfer,my_pilot,sac,7,timeout
nuclear,nep_brayton,mars_crew_fast,my_pilot_nuclear,max_thrust,0,timeout
nuclear,nep_brayton,mars_crew_fast,my_pilot_nuclear,max_thrust,1,timeout
nuclear,nep_brayton,mars_crew_fast,my_pilot_nuclear,max_thrust,2,timeout
nuclear,nep_brayton,mars_crew_fast,my_pilot_nuclear,max_thrust,3,timeout
nuclear,nep_brayton,mars_crew_fast,my_pilot_nuclear,max_thrust,4,timeout
nuclear,nep_brayton,mars_crew_fast,my_pilot_nuclear,max_thrust,5,timeout
nuclear,nep_brayton,mars_crew_fast,my_pilot_nuclear,max_thrust,6,timeout
nuclear,nep_brayton,mars_crew_fast,my_pilot_nuclear,max_thrust,7,timeout
nuclear,nep_brayton,mars_crew_fast,my_pilot_nuclear,ppo,0,hardware_failure
nuclear,nep_brayton,mars_crew_fast,my_pilot_nuclear,ppo,1,timeout
nuclear,nep_brayton,mars_crew_fast,my_pilot_nuclear,ppo,2,hardware_failure
nuclear,nep_brayton,mars_crew_fast,my_pilot_nuclear,ppo,3,timeout
nuclear,nep_brayton,mars_crew_fast,my_pilot_nuclear,ppo,4,hardware_failure
nuclear,nep_brayton,mars_crew_fast,my_pilot_nuclear,ppo,5,timeout
nuclear,nep_brayton,mars_crew_fast,my_pilot_nuclear,ppo,6,timeout
nuclear,nep_brayton,mars_crew_fast,my_pilot_nuclear,ppo,7,timeout
nuclear,nep_brayton,mars_crew_fast,my_pilot_nuclear,prograde,0,hardware_failure
nuclear,nep_brayton,mars_crew_fast,my_pilot_nuclear,prograde,1,hardware_failure
nuclear,nep_brayton,mars_crew_fast,my_pilot_nuclear,prograde,2,hardware_failure
nuclear,nep_brayton,mars_crew_fast,my_pilot_nuclear,prograde,3,hardware_failure
nuclear,nep_brayton,mars_crew_fast,my_pilot_nuclear,prograde,4,hardware_failure
nuclear,nep_brayton,mars_crew_fast,my_pilot_nuclear,prograde,5,hardware_failure
nuclear,nep_brayton,mars_crew_fast,my_pilot_nuclear,prograde,6,hardware_failure
nuclear,nep_brayton,mars_crew_fast,my_pilot_nuclear,prograde,7,hardware_failure
nuclear,nep_brayton,mars_crew_fast,my_pilot_nuclear,random,0,timeout
nuclear,nep_brayton,mars_crew_fast,my_pilot_nuclear,random,1,timeout
nuclear,nep_brayton,mars_crew_fast,my_pilot_nuclear,random,2,timeout
nuclear,nep_brayton,mars_crew_fast,my_pilot_nuclear,random,3,timeout
nuclear,nep_brayton,mars_crew_fast,my_pilot_nuclear,random,4,timeout
nuclear,nep_brayton,mars_crew_fast,my_pilot_nuclear,random,5,timeout
nuclear,nep_brayton,mars_crew_fast,my_pilot_nuclear,random,6,timeout
nuclear,nep_brayton,mars_crew_fast,my_pilot_nuclear,random,7,timeout
nuclear,nep_brayton,mars_crew_fast,my_pilot_nuclear,sac,0,timeout
nuclear,nep_brayton,mars_crew_fast,my_pilot_nuclear,sac,1,timeout
nuclear,nep_brayton,mars_crew_fast,my_pilot_nuclear,sac,2,hardware_failure
nuclear,nep_brayton,mars_crew_fast,my_pilot_nuclear,sac,3,timeout
nuclear,nep_brayton,mars_crew_fast,my_pilot_nuclear,sac,4,timeout
nuclear,nep_brayton,mars_crew_fast,my_pilot_nuclear,sac,5,timeout
nuclear,nep_brayton,mars_crew_fast,my_pilot_nuclear,sac,6,timeout
nuclear,nep_brayton,mars_crew_fast,my_pilot_nuclear,sac,7,timeout
nuclear,ntp_nerva,mars_crew_fast,my_pilot_nuclear,max_thrust,0,out_of_propellant
nuclear,ntp_nerva,mars_crew_fast,my_pilot_nuclear,max_thrust,1,out_of_propellant
nuclear,ntp_nerva,mars_crew_fast,my_pilot_nuclear,max_thrust,2,out_of_propellant
nuclear,ntp_nerva,mars_crew_fast,my_pilot_nuclear,max_thrust,3,out_of_propellant
nuclear,ntp_nerva,mars_crew_fast,my_pilot_nuclear,max_thrust,4,out_of_propellant
nuclear,ntp_nerva,mars_crew_fast,my_pilot_nuclear,max_thrust,5,out_of_propellant
nuclear,ntp_nerva,mars_crew_fast,my_pilot_nuclear,max_thrust,6,out_of_propellant
nuclear,ntp_nerva,mars_crew_fast,my_pilot_nuclear,max_thrust,7,out_of_propellant
nuclear,ntp_nerva,mars_crew_fast,my_pilot_nuclear,ppo,0,out_of_propellant
nuclear,ntp_nerva,mars_crew_fast,my_pilot_nuclear,ppo,1,out_of_propellant
nuclear,ntp_nerva,mars_crew_fast,my_pilot_nuclear,ppo,2,out_of_propellant
nuclear,ntp_nerva,mars_crew_fast,my_pilot_nuclear,ppo,3,out_of_propellant
nuclear,ntp_nerva,mars_crew_fast,my_pilot_nuclear,ppo,4,out_of_propellant
nuclear,ntp_nerva,mars_crew_fast,my_pilot_nuclear,ppo,5,out_of_propellant
nuclear,ntp_nerva,mars_crew_fast,my_pilot_nuclear,ppo,6,out_of_propellant
nuclear,ntp_nerva,mars_crew_fast,my_pilot_nuclear,ppo,7,out_of_propellant
nuclear,ntp_nerva,mars_crew_fast,my_pilot_nuclear,prograde,0,out_of_propellant
nuclear,ntp_nerva,mars_crew_fast,my_pilot_nuclear,prograde,1,out_of_propellant
nuclear,ntp_nerva,mars_crew_fast,my_pilot_nuclear,prograde,2,out_of_propellant
nuclear,ntp_nerva,mars_crew_fast,my_pilot_nuclear,prograde,3,out_of_propellant
nuclear,ntp_nerva,mars_crew_fast,my_pilot_nuclear,prograde,4,out_of_propellant
nuclear,ntp_nerva,mars_crew_fast,my_pilot_nuclear,prograde,5,out_of_propellant
nuclear,ntp_nerva,mars_crew_fast,my_pilot_nuclear,prograde,6,out_of_propellant
nuclear,ntp_nerva,mars_crew_fast,my_pilot_nuclear,prograde,7,out_of_propellant
nuclear,ntp_nerva,mars_crew_fast,my_pilot_nuclear,random,0,out_of_propellant
nuclear,ntp_nerva,mars_crew_fast,my_pilot_nuclear,random,1,out_of_propellant
nuclear,ntp_nerva,mars_crew_fast,my_pilot_nuclear,random,2,out_of_propellant
nuclear,ntp_nerva,mars_crew_fast,my_pilot_nuclear,random,3,out_of_propellant
nuclear,ntp_nerva,mars_crew_fast,my_pilot_nuclear,random,4,out_of_propellant
nuclear,ntp_nerva,mars_crew_fast,my_pilot_nuclear,random,5,out_of_propellant
nuclear,ntp_nerva,mars_crew_fast,my_pilot_nuclear,random,6,out_of_propellant
nuclear,ntp_nerva,mars_crew_fast,my_pilot_nuclear,random,7,out_of_propellant
nuclear,ntp_nerva,mars_crew_fast,my_pilot_nuclear,sac,0,out_of_propellant
nuclear,ntp_nerva,mars_crew_fast,my_pilot_nuclear,sac,1,out_of_propellant
nuclear,ntp_nerva,mars_crew_fast,my_pilot_nuclear,sac,2,out_of_propellant
nuclear,ntp_nerva,mars_crew_fast,my_pilot_nuclear,sac,3,out_of_propellant
nuclear,ntp_nerva,mars_crew_fast,my_pilot_nuclear,sac,4,out_of_propellant
nuclear,ntp_nerva,mars_crew_fast,my_pilot_nuclear,sac,5,out_of_propellant
nuclear,ntp_nerva,mars_crew_fast,my_pilot_nuclear,sac,6,out_of_propellant
nuclear,ntp_nerva,mars_crew_fast,my_pilot_nuclear,sac,7,out_of_propellant
nuclear,ntp_pewee,mars_crew_fast,my_pilot_nuclear,max_thrust,0,out_of_propellant
nuclear,ntp_pewee,mars_crew_fast,my_pilot_nuclear,max_thrust,1,out_of_propellant
nuclear,ntp_pewee,mars_crew_fast,my_pilot_nuclear,max_thrust,2,out_of_propellant
nuclear,ntp_pewee,mars_crew_fast,my_pilot_nuclear,max_thrust,3,out_of_propellant
nuclear,ntp_pewee,mars_crew_fast,my_pilot_nuclear,max_thrust,4,out_of_propellant
nuclear,ntp_pewee,mars_crew_fast,my_pilot_nuclear,max_thrust,5,out_of_propellant
nuclear,ntp_pewee,mars_crew_fast,my_pilot_nuclear,max_thrust,6,out_of_propellant
nuclear,ntp_pewee,mars_crew_fast,my_pilot_nuclear,max_thrust,7,out_of_propellant
nuclear,ntp_pewee,mars_crew_fast,my_pilot_nuclear,ppo,0,out_of_propellant
nuclear,ntp_pewee,mars_crew_fast,my_pilot_nuclear,ppo,1,out_of_propellant
nuclear,ntp_pewee,mars_crew_fast,my_pilot_nuclear,ppo,2,out_of_propellant
nuclear,ntp_pewee,mars_crew_fast,my_pilot_nuclear,ppo,3,out_of_propellant
nuclear,ntp_pewee,mars_crew_fast,my_pilot_nuclear,ppo,4,out_of_propellant
nuclear,ntp_pewee,mars_crew_fast,my_pilot_nuclear,ppo,5,out_of_propellant
nuclear,ntp_pewee,mars_crew_fast,my_pilot_nuclear,ppo,6,out_of_propellant
nuclear,ntp_pewee,mars_crew_fast,my_pilot_nuclear,ppo,7,out_of_propellant
nuclear,ntp_pewee,mars_crew_fast,my_pilot_nuclear,prograde,0,out_of_propellant
nuclear,ntp_pewee,mars_crew_fast,my_pilot_nuclear,prograde,1,out_of_propellant
nuclear,ntp_pewee,mars_crew_fast,my_pilot_nuclear,prograde,2,out_of_propellant
nuclear,ntp_pewee,mars_crew_fast,my_pilot_nuclear,prograde,3,out_of_propellant
nuclear,ntp_pewee,mars_crew_fast,my_pilot_nuclear,prograde,4,out_of_propellant
nuclear,ntp_pewee,mars_crew_fast,my_pilot_nuclear,prograde,5,out_of_propellant
nuclear,ntp_pewee,mars_crew_fast,my_pilot_nuclear,prograde,6,out_of_propellant
nuclear,ntp_pewee,mars_crew_fast,my_pilot_nuclear,prograde,7,out_of_propellant
nuclear,ntp_pewee,mars_crew_fast,my_pilot_nuclear,random,0,out_of_propellant
nuclear,ntp_pewee,mars_crew_fast,my_pilot_nuclear,random,1,out_of_propellant
nuclear,ntp_pewee,mars_crew_fast,my_pilot_nuclear,random,2,out_of_propellant
nuclear,ntp_pewee,mars_crew_fast,my_pilot_nuclear,random,3,out_of_propellant
nuclear,ntp_pewee,mars_crew_fast,my_pilot_nuclear,random,4,out_of_propellant
nuclear,ntp_pewee,mars_crew_fast,my_pilot_nuclear,random,5,out_of_propellant
nuclear,ntp_pewee,mars_crew_fast,my_pilot_nuclear,random,6,out_of_propellant
nuclear,ntp_pewee,mars_crew_fast,my_pilot_nuclear,random,7,out_of_propellant
nuclear,ntp_pewee,mars_crew_fast,my_pilot_nuclear,sac,0,out_of_propellant
nuclear,ntp_pewee,mars_crew_fast,my_pilot_nuclear,sac,1,out_of_propellant
nuclear,ntp_pewee,mars_crew_fast,my_pilot_nuclear,sac,2,out_of_propellant
nuclear,ntp_pewee,mars_crew_fast,my_pilot_nuclear,sac,3,out_of_propellant
nuclear,ntp_pewee,mars_crew_fast,my_pilot_nuclear,sac,4,out_of_propellant
nuclear,ntp_pewee,mars_crew_fast,my_pilot_nuclear,sac,5,out_of_propellant
nuclear,ntp_pewee,mars_crew_fast,my_pilot_nuclear,sac,6,out_of_propellant
nuclear,ntp_pewee,mars_crew_fast,my_pilot_nuclear,sac,7,out_of_propellant
nuclear,nep_kilopower,leo_geo_transfer,smoke,max_thrust,0,timeout
nuclear,nep_kilopower,leo_geo_transfer,smoke,max_thrust,1,timeout
nuclear,nep_kilopower,leo_geo_transfer,smoke,max_thrust,2,timeout
nuclear,nep_kilopower,leo_geo_transfer,smoke,ppo,0,timeout
nuclear,nep_kilopower,leo_geo_transfer,smoke,ppo,1,timeout
nuclear,nep_kilopower,leo_geo_transfer,smoke,ppo,2,timeout
nuclear,nep_kilopower,leo_geo_transfer,smoke,random,0,timeout
nuclear,nep_kilopower,leo_geo_transfer,smoke,random,1,timeout
nuclear,nep_kilopower,leo_geo_transfer,smoke,random,2,timeout
nuclear,ntp_pewee,leo_geo_transfer,smoke,max_thrust,0,diverged
nuclear,ntp_pewee,leo_geo_transfer,smoke,max_thrust,1,diverged
nuclear,ntp_pewee,leo_geo_transfer,smoke,max_thrust,2,diverged
nuclear,ntp_pewee,leo_geo_transfer,smoke,ppo,0,diverged
nuclear,ntp_pewee,leo_geo_transfer,smoke,ppo,1,diverged
nuclear,ntp_pewee,leo_geo_transfer,smoke,ppo,2,diverged
nuclear,ntp_pewee,leo_geo_transfer,smoke,random,0,out_of_propellant
nuclear,ntp_pewee,leo_geo_transfer,smoke,random,1,out_of_propellant
nuclear,ntp_pewee,leo_geo_transfer,smoke,random,2,out_of_propellant
