family,propulsion,mission,sweep,agent,seed,wear_fraction
electric,hall_hermes,earth_mars_cargo,electric_vs_nuclear,bang_bang,0,0.1005332539435901
electric,hall_hermes,earth_mars_cargo,electric_vs_nuclear,bang_bang,0,0.1005332539435901
electric,hall_hermes,earth_mars_cargo,electric_vs_nuclear,bang_bang,1,0.0005628791626785
electric,hall_hermes,earth_mars_cargo,electric_vs_nuclear,bang_bang,1,0.0005628791626785
electric,hall_hermes,earth_mars_cargo,electric_vs_nuclear,bang_bang,2,0.0005925043817668
electric,hall_hermes,earth_mars_cargo,electric_vs_nuclear,bang_bang,2,0.0005925043817668
electric,hall_hermes,earth_mars_cargo,electric_vs_nuclear,bang_bang,3,0.0005925043817668
electric,hall_hermes,earth_mars_cargo,electric_vs_nuclear,bang_bang,3,0.0005925043817668
electric,hall_hermes,earth_mars_cargo,electric_vs_nuclear,bang_bang,4,0.0005925043817668
electric,hall_hermes,earth_mars_cargo,electric_vs_nuclear,bang_bang,4,0.0005925043817668
electric,hall_hermes,earth_mars_cargo,electric_vs_nuclear,bang_bang,5,0.0005925043817668
electric,hall_hermes,earth_mars_cargo,electric_vs_nuclear,bang_bang,5,0.0005925043817668
electric,hall_hermes,earth_mars_cargo,electric_vs_nuclear,bang_bang,6,0.0005628791626785
electric,hall_hermes,earth_mars_cargo,electric_vs_nuclear,bang_bang,6,0.0005628791626785
electric,hall_hermes,earth_mars_cargo,electric_vs_nuclear,bang_bang,7,0.0005628791626785
electric,hall_hermes,earth_mars_cargo,electric_vs_nuclear,bang_bang,7,0.0005628791626785
electric,hall_hermes,leo_geo_transfer,my_pilot,edelbaum,0,0.2842210975736008
electric,hall_hermes,leo_geo_transfer,my_pilot,edelbaum,1,0.2935429412027198
electric,hall_hermes,leo_geo_transfer,my_pilot,edelbaum,2,0.2928766257402162
electric,hall_hermes,leo_geo_transfer,my_pilot,edelbaum,3,0.285013028181511
electric,hall_hermes,leo_geo_transfer,my_pilot,edelbaum,4,0.2897561493597184
electric,hall_hermes,leo_geo_transfer,my_pilot,edelbaum,5,0.2913013844168363
electric,hall_hermes,leo_geo_transfer,my_pilot,edelbaum,6,0.2863042703494441
electric,hall_hermes,leo_geo_transfer,my_pilot,edelbaum,7,0.2792670532513656
electric,hall_hermes,leo_geo_transfer,my_pilot,max_thrust,0,0.5847440714450024
electric,hall_hermes,leo_geo_transfer,my_pilot,max_thrust,1,0.5983822241372824
electric,hall_hermes,leo_geo_transfer,my_pilot,max_thrust,2,0.5823502680413706
electric,hall_hermes,leo_geo_transfer,my_pilot,max_thrust,3,0.5765612197028642
electric,hall_hermes,leo_geo_transfer,my_pilot,max_thrust,4,0.5874420394232691
electric,hall_hermes,leo_geo_transfer,my_pilot,max_thrust,5,0.5823818604161515
electric,hall_hermes,leo_geo_transfer,my_pilot,max_thrust,6,0.5765426238472624
electric,hall_hermes,leo_geo_transfer,my_pilot,max_thrust,7,0.5641443363778004
electric,hall_hermes,leo_geo_transfer,my_pilot,ppo,0,0.1610017991636166
electric,hall_hermes,leo_geo_transfer,my_pilot,ppo,1,0.1567818790763646
electric,hall_hermes,leo_geo_transfer,my_pilot,ppo,2,0.163296206761243
electric,hall_hermes,leo_geo_transfer,my_pilot,ppo,3,0.1641579678487184
electric,hall_hermes,leo_geo_transfer,my_pilot,ppo,4,0.1574574356387756
electric,hall_hermes,leo_geo_transfer,my_pilot,ppo,5,0.1665924352100206
electric,hall_hermes,leo_geo_transfer,my_pilot,ppo,6,0.1573037454179068
electric,hall_hermes,leo_geo_transfer,my_pilot,ppo,7,0.1612202884378656
electric,hall_hermes,leo_geo_transfer,my_pilot,prograde,0,0.322965462478344
electric,hall_hermes,leo_geo_transfer,my_pilot,prograde,1,0.3371001092621787
electric,hall_hermes,leo_geo_transfer,my_pilot,prograde,2,0.3276305341153884
electric,hall_hermes,leo_geo_transfer,my_pilot,prograde,3,0.3194719219743436
electric,hall_hermes,leo_geo_transfer,my_pilot,prograde,4,0.3249854086846915
electric,hall_hermes,leo_geo_transfer,my_pilot,prograde,5,0.326981724833465
electric,hall_hermes,leo_geo_transfer,my_pilot,prograde,6,0.3218366045029375
electric,hall_hermes,leo_geo_transfer,my_pilot,prograde,7,0.3141288400030879
electric,hall_hermes,leo_geo_transfer,my_pilot,random,0,0.1452763985233992
electric,hall_hermes,leo_geo_transfer,my_pilot,random,1,0.1437336973682396
electric,hall_hermes,leo_geo_transfer,my_pilot,random,2,0.1464631695077601
electric,hall_hermes,leo_geo_transfer,my_pilot,random,3,0.1474797744269139
electric,hall_hermes,leo_geo_transfer,my_pilot,random,4,0.1446824087113547
electric,hall_hermes,leo_geo_transfer,my_pilot,random,5,0.1471108712398394
electric,hall_hermes,leo_geo_transfer,my_pilot,random,6,0.1435766397840431
electric,hall_hermes,leo_geo_transfer,my_pilot,random,7,0.1457680941077496
electric,hall_hermes,leo_geo_transfer,my_pilot,sac,0,0.1626210052524684
electric,hall_hermes,leo_geo_transfer,my_pilot,sac,1,0.1596328381756156
electric,hall_hermes,leo_geo_transfer,my_pilot,sac,2,0.1649174540642807
electric,hall_hermes,leo_geo_transfer,my_pilot,sac,3,0.1653865340888998
electric,hall_hermes,leo_geo_transfer,my_pilot,sac,4,0.1585130683007499
electric,hall_hermes,leo_geo_transfer,my_pilot,sac,5,0.1686102466147783
electric,hall_hermes,leo_geo_transfer,my_pilot,sac,6,0.1598096877654721
electric,hall_hermes,leo_geo_transfer,my_pilot,sac,7,0.1632301847716991
electric,hall_spt100,leo_geo_transfer,my_pilot,edelbaum,0,0.8579166666666667
electric,hall_spt100,leo_geo_transfer,my_pilot,edelbaum,1,0.8518333333333333
electric,hall_spt100,leo_geo_transfer,my_pilot,edelbaum,2,0.862111111111111
electric,hall_spt100,leo_geo_transfer,my_pilot,edelbaum,3,0.8655555555555556
electric,hall_spt100,leo_geo_transfer,my_pilot,edelbaum,4,0.8521111111111112
electric,hall_spt100,leo_geo_transfer,my_pilot,edelbaum,5,0.8726388888888889
electric,hall_spt100,leo_geo_transfer,my_pilot,edelbaum,6,0.8561944444444444
electric,hall_spt100,leo_geo_transfer,my_pilot,edelbaum,7,0.8597777777777778
electric,hall_spt100,leo_geo_transfer,my_pilot,max_thrust,0,0.9398254012779496
electric,hall_spt100,leo_geo_transfer,my_pilot,max_thrust,1,0.9488993642880932
electric,hall_spt100,leo_geo_transfer,my_pilot,max_thrust,2,0.9466158576501472
electric,hall_spt100,leo_geo_transfer,my_pilot,max_thrust,3,0.9453972259012564
electric,hall_spt100,leo_geo_transfer,my_pilot,max_thrust,4,0.940770169737744
electric,hall_spt100,leo_geo_transfer,my_pilot,max_thrust,5,0.9541048514206156
electric,hall_spt100,leo_geo_transfer,my_pilot,max_thrust,6,0.9374738861875698
electric,hall_spt100,leo_geo_transfer,my_pilot,max_thrust,7,0.9346499647578396
electric,hall_spt100,leo_geo_transfer,my_pilot,ppo,0,0.5182222222222221
electric,hall_spt100,leo_geo_transfer,my_pilot,ppo,1,0.1828055555555555
electric,hall_spt100,leo_geo_transfer,my_pilot,ppo,2,0.3318611111111111
electric,hall_spt100,leo_geo_transfer,my_pilot,ppo,3,0.2339999999999999
electric,hall_spt100,leo_geo_transfer,my_pilot,ppo,4,0.1293333333333333
electric,hall_spt100,leo_geo_transfer,my_pilot,ppo,5,0.3101944444444444
electric,hall_spt100,leo_geo_transfer,my_pilot,ppo,6,0.3036388888888889
electric,hall_spt100,leo_geo_transfer,my_pilot,ppo,7,0.7819166666666667
electric,hall_spt100,leo_geo_transfer,my_pilot,prograde,0,0.8550277777777778
electric,hall_spt100,leo_geo_transfer,my_pilot,prograde,1,0.8449722222222222
electric,hall_spt100,leo_geo_transfer,my_pilot,prograde,2,0.8579444444444444
electric,hall_spt100,leo_geo_transfer,my_pilot,prograde,3,0.8597222222222223
electric,hall_spt100,leo_geo_transfer,my_pilot,prograde,4,0.8453055555555555
electric,hall_spt100,leo_geo_transfer,my_pilot,prograde,5,0.8674166666666667
electric,hall_spt100,leo_geo_transfer,my_pilot,prograde,6,0.8519722222222221
electric,hall_spt100,leo_geo_transfer,my_pilot,prograde,7,0.8543611111111111
electric,hall_spt100,leo_geo_transfer,my_pilot,random,0,0.9105833333333332
electric,hall_spt100,leo_geo_transfer,my_pilot,random,1,0.9056388888888888
electric,hall_spt100,leo_geo_transfer,my_pilot,random,2,0.9168888888888888
electric,hall_spt100,leo_geo_transfer,my_pilot,random,3,0.9206388888888888
electric,hall_spt100,leo_geo_transfer,my_pilot,random,4,0.9024166666666666
electric,hall_spt100,leo_geo_transfer,my_pilot,random,5,0.9220833333333334
electric,hall_spt100,leo_geo_transfer,my_pilot,random,6,0.9078888888888887
electric,hall_spt100,leo_geo_transfer,my_pilot,random,7,0.9126111111111112
electric,hall_spt100,leo_geo_transfer,my_pilot,sac,0,0.9608888888888888
electric,hall_spt100,leo_geo_transfer,my_pilot,sac,1,0.6151111111111112
electric,hall_spt100,leo_geo_transfer,my_pilot,sac,2,0.9616666666666668
electric,hall_spt100,leo_geo_transfer,my_pilot,sac,3,0.6870277777777778
electric,hall_spt100,leo_geo_transfer,my_pilot,sac,4,0.959
electric,hall_spt100,leo_geo_transfer,my_pilot,sac,5,0.0143055555555555
electric,hall_spt100,leo_geo_transfer,my_pilot,sac,6,0.9595
electric,hall_spt100,leo_geo_transfer,my_pilot,sac,7,0.9608333333333332
electric,ion_next,leo_geo_transfer,my_pilot,edelbaum,0,0.1090374095037668
electric,ion_next,leo_geo_transfer,my_pilot,edelbaum,1,0.1099269416951954
electric,ion_next,leo_geo_transfer,my_pilot,edelbaum,2,0.1092316788553119
electric,ion_next,leo_geo_transfer,my_pilot,edelbaum,3,0.1090747689944486
electric,ion_next,leo_geo_transfer,my_pilot,edelbaum,4,0.1092316788553119
electric,ion_next,leo_geo_transfer,my_pilot,edelbaum,5,0.1086563426988129
electric,ion_next,leo_geo_transfer,my_pilot,edelbaum,6,0.1090598251981759
electric,ion_next,leo_geo_transfer,my_pilot,edelbaum,7,0.1092316788553119
electric,ion_next,leo_geo_transfer,my_pilot,max_thrust,0,0.1159999999999999
electric,ion_next,leo_geo_transfer,my_pilot,max_thrust,1,0.1147916666666666
electric,ion_next,leo_geo_transfer,my_pilot,max_thrust,2,0.1169479166666666
electric,ion_next,leo_geo_transfer,my_pilot,max_thrust,3,0.11703125
electric,ion_next,leo_geo_transfer,my_pilot,max_thrust,4,0.1149791666666666
electric,ion_next,leo_geo_transfer,my_pilot,max_thrust,5,0.1175208333333333
electric,ion_next,leo_geo_transfer,my_pilot,max_thrust,6,0.1151979166666666
electric,ion_next,leo_geo_transfer,my_pilot,max_thrust,7,0.1158802083333333
electric,ion_next,leo_geo_transfer,my_pilot,ppo,0,0.123625
electric,ion_next,leo_geo_transfer,my_pilot,ppo,1,0.122484375
electric,ion_next,leo_geo_transfer,my_pilot,ppo,2,0.1255
electric,ion_next,leo_geo_transfer,my_pilot,ppo,3,0.1258125
electric,ion_next,leo_geo_transfer,my_pilot,ppo,4,0.122328125
electric,ion_next,leo_geo_transfer,my_pilot,ppo,5,0.1268125
electric,ion_next,leo_geo_transfer,my_pilot,ppo,6,0.1230729166666666
electric,ion_next,leo_geo_transfer,my_pilot,ppo,7,0.124234375
electric,ion_next,leo_geo_transfer,my_pilot,prograde,0,0.1190624287365981
electric,ion_next,leo_geo_transfer,my_pilot,prograde,1,0.1292909586118758
electric,ion_next,leo_geo_transfer,my_pilot,prograde,2,0.1206762252316415
electric,ion_next,leo_geo_transfer,my_pilot,prograde,3,0.1182565926172246
electric,ion_next,leo_geo_transfer,my_pilot,prograde,4,0.1256421739963822
electric,ion_next,leo_geo_transfer,my_pilot,prograde,5,0.119186667864761
electric,ion_next,leo_geo_transfer,my_pilot,prograde,6,0.1211877613732865
electric,ion_next,leo_geo_transfer,my_pilot,prograde,7,0.1150289447591362
electric,ion_next,leo_geo_transfer,my_pilot,random,0,0.1097395833333333
electric,ion_next,leo_geo_transfer,my_pilot,random,1,0.1095989583333333
electric,ion_next,leo_geo_transfer,my_pilot,random,2,0.110375
electric,ion_next,leo_geo_transfer,my_pilot,random,3,0.1101406249999999
electric,ion_next,leo_geo_transfer,my_pilot,random,4,0.1093802083333333
electric,ion_next,leo_geo_transfer,my_pilot,random,5,0.11053125
electric,ion_next,leo_geo_transfer,my_pilot,random,6,0.1091875
electric,ion_next,leo_geo_transfer,my_pilot,random,7,0.1095833333333333
electric,ion_next,leo_geo_transfer,my_pilot,sac,0,0.1241458333333333
electric,ion_next,leo_geo_transfer,my_pilot,sac,1,0.1223802083333333
electric,ion_next,leo_geo_transfer,my_pilot,sac,2,0.1255520833333333
electric,ion_next,leo_geo_transfer,my_pilot,sac,3,0.1260260416666666
electric,ion_next,leo_geo_transfer,my_pilot,sac,4,0.1226041666666666
electric,ion_next,leo_geo_transfer,my_pilot,sac,5,0.1270104166666666
electric,ion_next,leo_geo_transfer,my_pilot,sac,6,0.1232604166666666
electric,ion_next,leo_geo_transfer,my_pilot,sac,7,0.1242083333333333
electric,ion_nstar,leo_geo_transfer,my_pilot,edelbaum,0,0.1838083333333333
electric,ion_nstar,leo_geo_transfer,my_pilot,edelbaum,1,0.1894666666666666
electric,ion_nstar,leo_geo_transfer,my_pilot,edelbaum,2,0.18515
electric,ion_nstar,leo_geo_transfer,my_pilot,edelbaum,3,0.1853416666666666
electric,ion_nstar,leo_geo_transfer,my_pilot,edelbaum,4,0.187075
electric,ion_nstar,leo_geo_transfer,my_pilot,edelbaum,5,0.1838416666666666
electric,ion_nstar,leo_geo_transfer,my_pilot,edelbaum,6,0.1851833333333333
electric,ion_nstar,leo_geo_transfer,my_pilot,edelbaum,7,0.18295
electric,ion_nstar,leo_geo_transfer,my_pilot,max_thrust,0,0.2589666666666667
electric,ion_nstar,leo_geo_transfer,my_pilot,max_thrust,1,0.2572416666666666
electric,ion_nstar,leo_geo_transfer,my_pilot,max_thrust,2,0.260625
electric,ion_nstar,leo_geo_transfer,my_pilot,max_thrust,3,0.26215
electric,ion_nstar,leo_geo_transfer,my_pilot,max_thrust,4,0.25805
electric,ion_nstar,leo_geo_transfer,my_pilot,max_thrust,5,0.263575
electric,ion_nstar,leo_geo_transfer,my_pilot,max_thrust,6,0.2588833333333333
electric,ion_nstar,leo_geo_transfer,my_pilot,max_thrust,7,0.25915
electric,ion_nstar,leo_geo_transfer,my_pilot,ppo,0,0.2610333333333333
electric,ion_nstar,leo_geo_transfer,my_pilot,ppo,1,0.259025
electric,ion_nstar,leo_geo_transfer,my_pilot,ppo,2,0.261525
electric,ion_nstar,leo_geo_transfer,my_pilot,ppo,3,0.263
electric,ion_nstar,leo_geo_transfer,my_pilot,ppo,4,0.2588083333333333
electric,ion_nstar,leo_geo_transfer,my_pilot,ppo,5,0.2642833333333333
electric,ion_nstar,leo_geo_transfer,my_pilot,ppo,6,0.26005
electric,ion_nstar,leo_geo_transfer,my_pilot,ppo,7,0.2604333333333333
electric,ion_nstar,leo_geo_transfer,my_pilot,prograde,0,0.1849416666666666
electric,ion_nstar,leo_geo_transfer,my_pilot,prograde,1,0.1911833333333333
electric,ion_nstar,leo_geo_transfer,my_pilot,prograde,2,0.1861166666666666
electric,ion_nstar,leo_geo_transfer,my_pilot,prograde,3,0.1847416666666667
electric,ion_nstar,leo_geo_transfer,my_pilot,prograde,4,0.1872166666666666
electric,ion_nstar,leo_geo_transfer,my_pilot,prograde,5,0.1849416666666666
electric,ion_nstar,leo_geo_transfer,my_pilot,prograde,6,0.18445
electric,ion_nstar,leo_geo_transfer,my_pilot,prograde,7,0.1844583333333333
electric,ion_nstar,leo_geo_transfer,my_pilot,random,0,0.2480583333333333
electric,ion_nstar,leo_geo_transfer,my_pilot,random,1,0.2484166666666666
electric,ion_nstar,leo_geo_transfer,my_pilot,random,2,0.2493249999999999
electric,ion_nstar,leo_geo_transfer,my_pilot,random,3,0.2490583333333333
electric,ion_nstar,leo_geo_transfer,my_pilot,random,4,0.2473416666666666
electric,ion_nstar,leo_geo_transfer,my_pilot,random,5,0.2516166666666666
electric,ion_nstar,leo_geo_transfer,my_pilot,random,6,0.2470166666666666
electric,ion_nstar,leo_geo_transfer,my_pilot,random,7,0.2462083333333333
electric,ion_nstar,leo_geo_transfer,my_pilot,sac,0,0.26125
electric,ion_nstar,leo_geo_transfer,my_pilot,sac,1,0.2586916666666666
electric,ion_nstar,leo_geo_transfer,my_pilot,sac,2,0.2625
electric,ion_nstar,leo_geo_transfer,my_pilot,sac,3,0.2628
electric,ion_nstar,leo_geo_transfer,my_pilot,sac,4,0.259075
electric,ion_nstar,leo_geo_transfer,my_pilot,sac,5,0.2643666666666666
electric,ion_nstar,leo_geo_transfer,my_pilot,sac,6,0.2603
electric,ion_nstar,leo_geo_transfer,my_pilot,sac,7,0.26095
electric,hall_hermes,mars_crew_fast,my_pilot_nuclear,max_thrust,0,0.4617769423133123
electric,hall_hermes,mars_crew_fast,my_pilot_nuclear,max_thrust,1,0.4587074402969714
electric,hall_hermes,mars_crew_fast,my_pilot_nuclear,max_thrust,2,0.4419654498772524
electric,hall_hermes,mars_crew_fast,my_pilot_nuclear,max_thrust,3,0.4484533053144277
electric,hall_hermes,mars_crew_fast,my_pilot_nuclear,max_thrust,4,0.4393977694185065
electric,hall_hermes,mars_crew_fast,my_pilot_nuclear,max_thrust,5,0.4304584192109952
electric,hall_hermes,mars_crew_fast,my_pilot_nuclear,max_thrust,6,0.4433102671989308
electric,hall_hermes,mars_crew_fast,my_pilot_nuclear,max_thrust,7,0.4423073048952795
electric,hall_hermes,mars_crew_fast,my_pilot_nuclear,ppo,0,0.1150579422302756
electric,hall_hermes,mars_crew_fast,my_pilot_nuclear,ppo,1,0.1295236005342647
electric,hall_hermes,mars_crew_fast,my_pilot_nuclear,ppo,2,0.1295211832808097
electric,hall_hermes,mars_crew_fast,my_pilot_nuclear,ppo,3,0.1056919844815538
electric,hall_hermes,mars_crew_fast,my_pilot_nuclear,ppo,4,0.1056
electric,hall_hermes,mars_crew_fast,my_pilot_nuclear,ppo,5,0.1068034151853189
electric,hall_hermes,mars_crew_fast,my_pilot_nuclear,ppo,6,0.1194411937527607
electric,hall_hermes,mars_crew_fast,my_pilot_nuclear,ppo,7,0.1129394329537744
electric,hall_hermes,mars_crew_fast,my_pilot_nuclear,prograde,0,0.2586438191565418
electric,hall_hermes,mars_crew_fast,my_pilot_nuclear,prograde,1,0.2568983967855292
electric,hall_hermes,mars_crew_fast,my_pilot_nuclear,prograde,2,0.2423049857091559
electric,hall_hermes,mars_crew_fast,my_pilot_nuclear,prograde,3,0.2537020679621814
electric,hall_hermes,mars_crew_fast,my_pilot_nuclear,prograde,4,0.2455284949889569
electric,hall_hermes,mars_crew_fast,my_pilot_nuclear,prograde,5,0.2408820542875565
electric,hall_hermes,mars_crew_fast,my_pilot_nuclear,prograde,6,0.2471650878430281
electric,hall_hermes,mars_crew_fast,my_pilot_nuclear,prograde,7,0.2508570884125309
electric,hall_hermes,mars_crew_fast,my_pilot_nuclear,random,0,0.140115157597539
electric,hall_hermes,mars_crew_fast,my_pilot_nuclear,random,1,0.1408438672518767
electric,hall_hermes,mars_crew_fast,my_pilot_nuclear,random,2,0.1397864904480787
electric,hall_hermes,mars_crew_fast,my_pilot_nuclear,random,3,0.1403135452326354
electric,hall_hermes,mars_crew_fast,my_pilot_nuclear,random,4,0.139227763089408
electric,hall_hermes,mars_crew_fast,my_pilot_nuclear,random,5,0.1399474601589494
electric,hall_hermes,mars_crew_fast,my_pilot_nuclear,random,6,0.1397463711190088
electric,hall_hermes,mars_crew_fast,my_pilot_nuclear,random,7,0.1395182752925687
electric,hall_hermes,mars_crew_fast,my_pilot_nuclear,sac,0,0.1303873981079091
electric,hall_hermes,mars_crew_fast,my_pilot_nuclear,sac,1,0.1304088335296377
electric,hall_hermes,mars_crew_fast,my_pilot_nuclear,sac,2,0.1304014243363578
electric,hall_hermes,mars_crew_fast,my_pilot_nuclear,sac,3,0.1303792466761776
electric,hall_hermes,mars_crew_fast,my_pilot_nuclear,sac,4,0.1304018855766253
electric,hall_hermes,mars_crew_fast,my_pilot_nuclear,sac,5,0.1303766439623642
electric,hall_hermes,mars_crew_fast,my_pilot_nuclear,sac,6,0.04371
electric,hall_hermes,mars_crew_fast,my_pilot_nuclear,sac,7,0.1304165441663362
electric,ion_next,mars_crew_fast,my_pilot_nuclear,max_thrust,0,0.11
electric,ion_next,mars_crew_fast,my_pilot_nuclear,max_thrust,1,0.11
electric,ion_next,mars_crew_fast,my_pilot_nuclear,max_thrust,2,0.11
electric,ion_next,mars_crew_fast,my_pilot_nuclear,max_thrust,3,0.11
electric,ion_next,mars_crew_fast,my_pilot_nuclear,max_thrust,4,0.11
electric,ion_next,mars_crew_fast,my_pilot_nuclear,max_thrust,5,0.11
electric,ion_next,mars_crew_fast,my_pilot_nuclear,max_thrust,6,0.11
electric,ion_next,mars_crew_fast,my_pilot_nuclear,max_thrust,7,0.11
electric,ion_next,mars_crew_fast,my_pilot_nuclear,ppo,0,0.11
electric,ion_next,mars_crew_fast,my_pilot_nuclear,ppo,1,0.11
electric,ion_next,mars_crew_fast,my_pilot_nuclear,ppo,2,0.11
electric,ion_next,mars_crew_fast,my_pilot_nuclear,ppo,3,0.11
electric,ion_next,mars_crew_fast,my_pilot_nuclear,ppo,4,0.11
electric,ion_next,mars_crew_fast,my_pilot_nuclear,ppo,5,0.11
electric,ion_next,mars_crew_fast,my_pilot_nuclear,ppo,6,0.11
electric,ion_next,mars_crew_fast,my_pilot_nuclear,ppo,7,0.11
electric,ion_next,mars_crew_fast,my_pilot_nuclear,prograde,0,0.0998707602967457
electric,ion_next,mars_crew_fast,my_pilot_nuclear,prograde,1,0.0951653262512638
electric,ion_next,mars_crew_fast,my_pilot_nuclear,prograde,2,0.0903664739799157
electric,ion_next,mars_crew_fast,my_pilot_nuclear,prograde,3,0.0893965409108579
electric,ion_next,mars_crew_fast,my_pilot_nuclear,prograde,4,0.0865295203400713
electric,ion_next,mars_crew_fast,my_pilot_nuclear,prograde,5,0.0780029515912468
electric,ion_next,mars_crew_fast,my_pilot_nuclear,prograde,6,0.0870389852864051
electric,ion_next,mars_crew_fast,my_pilot_nuclear,prograde,7,0.0860141438378716
electric,ion_next,mars_crew_fast,my_pilot_nuclear,random,0,0.1028489583333333
electric,ion_next,mars_crew_fast,my_pilot_nuclear,random,1,0.1025208333333333
electric,ion_next,mars_crew_fast,my_pilot_nuclear,random,2,0.1015052083333333
electric,ion_next,mars_crew_fast,my_pilot_nuclear,random,3,0.1015729166666666
electric,ion_next,mars_crew_fast,my_pilot_nuclear,random,4,0.1009479166666666
electric,ion_next,mars_crew_fast,my_pilot_nuclear,random,5,0.1003177083333333
electric,ion_next,mars_crew_fast,my_pilot_nuclear,random,6,0.1011197916666666
electric,ion_next,mars_crew_fast,my_pilot_nuclear,random,7,0.1011510416666666
electric,ion_next,mars_crew_fast,my_pilot_nuclear,sac,0,0.11
electric,ion_next,mars_crew_fast,my_pilot_nuclear,sac,1,0.0638385416666666
electric,ion_next,mars_crew_fast,my_pilot_nuclear,sac,2,0.11
electric,ion_next,mars_crew_fast,my_pilot_nuclear,sac,3,0.11
electric,ion_next,mars_crew_fast,my_pilot_nuclear,sac,4,0.11
electric,ion_next,mars_crew_fast,my_pilot_nuclear,sac,5,0.11
electric,ion_next,mars_crew_fast,my_pilot_nuclear,sac,6,0.0193906249999999
electric,ion_next,mars_crew_fast,my_pilot_nuclear,sac,7,0.11
electric,hall_spt100,leo_geo_transfer,smoke,max_thrust,0,0.0025398056261940003
electric,hall_spt100,leo_geo_transfer,smoke,max_thrust,1,0.002540637075304
electric,hall_spt100,leo_geo_transfer,smoke,max_thrust,2,0.00290148750098
electric,hall_spt100,leo_geo_transfer,smoke,ppo,0,0.002388888888888
electric,hall_spt100,leo_geo_transfer,smoke,ppo,1,0.0022777777777770003
electric,hall_spt100,leo_geo_transfer,smoke,ppo,2,0.002555555555555
electric,hall_spt100,leo_geo_transfer,smoke,random,0,0.002361111111111
electric,hall_spt100,leo_geo_transfer,smoke,random,1,0.0022777777777770003
electric,hall_spt100,leo_geo_transfer,smoke,random,2,0.002555555555555
nuclear,nep_kilopower,leo_geo_transfer,my_pilot,edelbaum,0,0.1666733086651769
nuclear,nep_kilopower,leo_geo_transfer,my_pilot,edelbaum,1,0.1666733086651769
nuclear,nep_kilopower,leo_geo_transfer,my_pilot,edelbaum,2,0.1666733086651769
nuclear,nep_kilopower,leo_geo_transfer,my_pilot,edelbaum,3,0.1666733086651769
nuclear,nep_kilopower,leo_geo_transfer,my_pilot,edelbaum,4,0.1666733086651769
nuclear,nep_kilopower,leo_geo_transfer,my_pilot,edelbaum,5,0.1666733086651769
nuclear,nep_kilopower,leo_geo_transfer,my_pilot,edelbaum,6,0.1666733086651769
nuclear,nep_kilopower,leo_geo_transfer,my_pilot,edelbaum,7,0.1666733086651769
nuclear,nep_kilopower,leo_geo_transfer,my_pilot,max_thrust,0,0.1667359643284462
nuclear,nep_kilopower,leo_geo_transfer,my_pilot,max_thrust,1,0.1667359643284462
nuclear,nep_kilopower,leo_geo_transfer,my_pilot,max_thrust,2,0.1667359643284462
nuclear,nep_kilopower,leo_geo_transfer,my_pilot,max_thrust,3,0.1667359643284462
nuclear,nep_kilopower,leo_geo_transfer,my_pilot,max_thrust,4,0.1667359643284462
nuclear,nep_kilopower,leo_geo_transfer,my_pilot,max_thrust,5,0.1667359643284462
nuclear,nep_kilopower,leo_geo_transfer,my_pilot,max_thrust,6,0.1667359643284462
nuclear,nep_kilopower,leo_geo_transfer,my_pilot,max_thrust,7,0.1667359643284462
nuclear,nep_kilopower,leo_geo_transfer,my_pilot,ppo,0,0.1752
nuclear,nep_kilopower,leo_geo_transfer,my_pilot,ppo,1,0.1752
nuclear,nep_kilopower,leo_geo_transfer,my_pilot,ppo,2,0.1752
nuclear,nep_kilopower,leo_geo_transfer,my_pilot,ppo,3,0.1752
nuclear,nep_kilopower,leo_geo_transfer,my_pilot,ppo,4,0.1752
nuclear,nep_kilopower,leo_geo_transfer,my_pilot,ppo,5,0.1752
nuclear,nep_kilopower,leo_geo_transfer,my_pilot,ppo,6,0.1752
nuclear,nep_kilopower,leo_geo_transfer,my_pilot,ppo,7,0.1752
nuclear,nep_kilopower,leo_geo_transfer,my_pilot,prograde,0,0.1667299585136739
nuclear,nep_kilopower,leo_geo_transfer,my_pilot,prograde,1,0.1667299585136739
nuclear,nep_kilopower,leo_geo_transfer,my_pilot,prograde,2,0.1667299585136739
nuclear,nep_kilopower,leo_geo_transfer,my_pilot,prograde,3,0.1667299585136739
nuclear,nep_kilopower,leo_geo_transfer,my_pilot,prograde,4,0.1667299585136739
nuclear,nep_kilopower,leo_geo_transfer,my_pilot,prograde,5,0.1667299585136739
nuclear,nep_kilopower,leo_geo_transfer,my_pilot,prograde,6,0.1667299585136739
nuclear,nep_kilopower,leo_geo_transfer,my_pilot,prograde,7,0.1667299585136739
nuclear,nep_kilopower,leo_geo_transfer,my_pilot,random,0,0.1666893361494228
nuclear,nep_kilopower,leo_geo_transfer,my_pilot,random,1,0.1666837518228001
nuclear,nep_kilopower,leo_geo_transfer,my_pilot,random,2,0.1666998564604706
nuclear,nep_kilopower,leo_geo_transfer,my_pilot,random,3,0.1666844877921099
nuclear,nep_kilopower,leo_geo_transfer,my_pilot,random,4,0.1666965118267744
nuclear,nep_kilopower,leo_geo_transfer,my_pilot,random,5,0.1667111360103538
nuclear,nep_kilopower,leo_geo_transfer,my_pilot,random,6,0.1666788719604811
nuclear,nep_kilopower,leo_geo_transfer,my_pilot,random,7,0.1666824500640576
nuclear,nep_kilopower,leo_geo_transfer,my_pilot,sac,0,0.1752
nuclear,nep_kilopower,leo_geo_transfer,my_pilot,sac,1,0.1752
nuclear,nep_kilopower,leo_geo_transfer,my_pilot,sac,2,0.1752
nuclear,nep_kilopower,leo_geo_transfer,my_pilot,sac,3,0.1752
nuclear,nep_kilopower,leo_geo_transfer,my_pilot,sac,4,0.1752
nuclear,nep_kilopower,leo_geo_transfer,my_pilot,sac,5,0.1752
nuclear,nep_kilopower,leo_geo_transfer,my_pilot,sac,6,0.1752
nuclear,nep_kilopower,leo_geo_transfer,my_pilot,sac,7,0.1752
nuclear,nep_brayton,mars_crew_fast,my_pilot_nuclear,max_thrust,0,0.4727201041444852
nuclear,nep_brayton,mars_crew_fast,my_pilot_nuclear,max_thrust,1,0.4628587032211459
nuclear,nep_brayton,mars_crew_fast,my_pilot_nuclear,max_thrust,2,0.4723284749880689
nuclear,nep_brayton,mars_crew_fast,my_pilot_nuclear,max_thrust,3,0.4749249989192551
nuclear,nep_brayton,mars_crew_fast,my_pilot_nuclear,max_thrust,4,0.4676366841102602
nuclear,nep_brayton,mars_crew_fast,my_pilot_nuclear,max_thrust,5,0.4730783587846149
nuclear,nep_brayton,mars_crew_fast,my_pilot_nuclear,max_thrust,6,0.4711993404427848
nuclear,nep_brayton,mars_crew_fast,my_pilot_nuclear,max_thrust,7,0.4762813569107135
nuclear,nep_brayton,mars_crew_fast,my_pilot_nuclear,ppo,0,1.0
nuclear,nep_brayton,mars_crew_fast,my_pilot_nuclear,ppo,1,0.7865771820759275
nuclear,nep_brayton,mars_crew_fast,my_pilot_nuclear,ppo,2,0.996395039763653
nuclear,nep_brayton,mars_crew_fast,my_pilot_nuclear,ppo,3,0.8433299966000165
nuclear,nep_brayton,mars_crew_fast,my_pilot_nuclear,ppo,4,1.0
nuclear,nep_brayton,mars_crew_fast,my_pilot_nuclear,ppo,5,0.843485793205298
nuclear,nep_brayton,mars_crew_fast,my_pilot_nuclear,ppo,6,0.8433573901484853
nuclear,nep_brayton,mars_crew_fast,my_pilot_nuclear,ppo,7,0.9844085987354988
nuclear,nep_brayton,mars_crew_fast,my_pilot_nuclear,prograde,0,1.0
nuclear,nep_brayton,mars_crew_fast,my_pilot_nuclear,prograde,1,1.0
nuclear,nep_brayton,mars_crew_fast,my_pilot_nuclear,prograde,2,1.0
nuclear,nep_brayton,mars_crew_fast,my_pilot_nuclear,prograde,3,1.0
nuclear,nep_brayton,mars_crew_fast,my_pilot_nuclear,prograde,4,1.0
nuclear,nep_brayton,mars_crew_fast,my_pilot_nuclear,prograde,5,1.0
nuclear,nep_brayton,mars_crew_fast,my_pilot_nuclear,prograde,6,1.0
nuclear,nep_brayton,mars_crew_fast,my_pilot_nuclear,prograde,7,1.0
nuclear,nep_brayton,mars_crew_fast,my_pilot_nuclear,random,0,0.6105009017652404
nuclear,nep_brayton,mars_crew_fast,my_pilot_nuclear,random,1,0.6079227440672903
nuclear,nep_brayton,mars_crew_fast,my_pilot_nuclear,random,2,0.6127618246385392
nuclear,nep_brayton,mars_crew_fast,my_pilot_nuclear,random,3,0.6101541622812922
nuclear,nep_brayton,mars_crew_fast,my_pilot_nuclear,random,4,0.6090622401398122
nuclear,nep_brayton,mars_crew_fast,my_pilot_nuclear,random,5,0.6166576304322917
nuclear,nep_brayton,mars_crew_fast,my_pilot_nuclear,random,6,0.606756086644451
nuclear,nep_brayton,mars_crew_fast,my_pilot_nuclear,random,7,0.6089202302671017
nuclear,nep_brayton,mars_crew_fast,my_pilot_nuclear,sac,0,0.8446322125690249
nuclear,nep_brayton,mars_crew_fast,my_pilot_nuclear,sac,1,0.8447791844566717
nuclear,nep_brayton,mars_crew_fast,my_pilot_nuclear,sac,2,1.0
nuclear,nep_brayton,mars_crew_fast,my_pilot_nuclear,sac,3,0.8446639399250828
nuclear,nep_brayton,mars_crew_fast,my_pilot_nuclear,sac,4,0.8448757722340983
nuclear,nep_brayton,mars_crew_fast,my_pilot_nuclear,sac,5,0.8446184549533255
nuclear,nep_brayton,mars_crew_fast,my_pilot_nuclear,sac,6,0.8445992323738425
nuclear,nep_brayton,mars_crew_fast,my_pilot_nuclear,sac,7,0.8449446675736147
nuclear,ntp_nerva,mars_crew_fast,my_pilot_nuclear,max_thrust,0,0.025
nuclear,ntp_nerva,mars_crew_fast,my_pilot_nuclear,max_thrust,1,0.025
nuclear,ntp_nerva,mars_crew_fast,my_pilot_nuclear,max_thrust,2,0.025
nuclear,ntp_nerva,mars_crew_fast,my_pilot_nuclear,max_thrust,3,0.025
nuclear,ntp_nerva,mars_crew_fast,my_pilot_nuclear,max_thrust,4,0.025
nuclear,ntp_nerva,mars_crew_fast,my_pilot_nuclear,max_thrust,5,0.025
nuclear,ntp_nerva,mars_crew_fast,my_pilot_nuclear,max_thrust,6,0.025
nuclear,ntp_nerva,mars_crew_fast,my_pilot_nuclear,max_thrust,7,0.025
nuclear,ntp_nerva,mars_crew_fast,my_pilot_nuclear,ppo,0,0.025
nuclear,ntp_nerva,mars_crew_fast,my_pilot_nuclear,ppo,1,0.025
nuclear,ntp_nerva,mars_crew_fast,my_pilot_nuclear,ppo,2,0.025
nuclear,ntp_nerva,mars_crew_fast,my_pilot_nuclear,ppo,3,0.025
nuclear,ntp_nerva,mars_crew_fast,my_pilot_nuclear,ppo,4,0.025
nuclear,ntp_nerva,mars_crew_fast,my_pilot_nuclear,ppo,5,0.025
nuclear,ntp_nerva,mars_crew_fast,my_pilot_nuclear,ppo,6,0.025
nuclear,ntp_nerva,mars_crew_fast,my_pilot_nuclear,ppo,7,0.025
nuclear,ntp_nerva,mars_crew_fast,my_pilot_nuclear,prograde,0,0.025
nuclear,ntp_nerva,mars_crew_fast,my_pilot_nuclear,prograde,1,0.025
nuclear,ntp_nerva,mars_crew_fast,my_pilot_nuclear,prograde,2,0.025
nuclear,ntp_nerva,mars_crew_fast,my_pilot_nuclear,prograde,3,0.025
nuclear,ntp_nerva,mars_crew_fast,my_pilot_nuclear,prograde,4,0.025
nuclear,ntp_nerva,mars_crew_fast,my_pilot_nuclear,prograde,5,0.025
nuclear,ntp_nerva,mars_crew_fast,my_pilot_nuclear,prograde,6,0.025
nuclear,ntp_nerva,mars_crew_fast,my_pilot_nuclear,prograde,7,0.025
nuclear,ntp_nerva,mars_crew_fast,my_pilot_nuclear,random,0,0.025
nuclear,ntp_nerva,mars_crew_fast,my_pilot_nuclear,random,1,0.0268269332908374
nuclear,ntp_nerva,mars_crew_fast,my_pilot_nuclear,random,2,0.025
nuclear,ntp_nerva,mars_crew_fast,my_pilot_nuclear,random,3,0.025
nuclear,ntp_nerva,mars_crew_fast,my_pilot_nuclear,random,4,0.025
nuclear,ntp_nerva,mars_crew_fast,my_pilot_nuclear,random,5,0.02625
nuclear,ntp_nerva,mars_crew_fast,my_pilot_nuclear,random,6,0.027765089930383
nuclear,ntp_nerva,mars_crew_fast,my_pilot_nuclear,random,7,0.025
nuclear,ntp_nerva,mars_crew_fast,my_pilot_nuclear,sac,0,0.025
nuclear,ntp_nerva,mars_crew_fast,my_pilot_nuclear,sac,1,0.025
nuclear,ntp_nerva,mars_crew_fast,my_pilot_nuclear,sac,2,0.025
nuclear,ntp_nerva,mars_crew_fast,my_pilot_nuclear,sac,3,0.025
nuclear,ntp_nerva,mars_crew_fast,my_pilot_nuclear,sac,4,0.025
nuclear,ntp_nerva,mars_crew_fast,my_pilot_nuclear,sac,5,0.025
nuclear,ntp_nerva,mars_crew_fast,my_pilot_nuclear,sac,6,0.025
nuclear,ntp_nerva,mars_crew_fast,my_pilot_nuclear,sac,7,0.025
nuclear,ntp_pewee,mars_crew_fast,my_pilot_nuclear,max_thrust,0,0.0680398727517527
nuclear,ntp_pewee,mars_crew_fast,my_pilot_nuclear,max_thrust,1,0.0680398727517527
nuclear,ntp_pewee,mars_crew_fast,my_pilot_nuclear,max_thrust,2,0.0680398727517527
nuclear,ntp_pewee,mars_crew_fast,my_pilot_nuclear,max_thrust,3,0.0680398727517527
nuclear,ntp_pewee,mars_crew_fast,my_pilot_nuclear,max_thrust,4,0.0680398727517527
nuclear,ntp_pewee,mars_crew_fast,my_pilot_nuclear,max_thrust,5,0.0680398727517527
nuclear,ntp_pewee,mars_crew_fast,my_pilot_nuclear,max_thrust,6,0.0680398727517527
nuclear,ntp_pewee,mars_crew_fast,my_pilot_nuclear,max_thrust,7,0.0680398727517527
nuclear,ntp_pewee,mars_crew_fast,my_pilot_nuclear,ppo,0,0.0455916487406492
nuclear,ntp_pewee,mars_crew_fast,my_pilot_nuclear,ppo,1,0.0425032989649229
nuclear,ntp_pewee,mars_crew_fast,my_pilot_nuclear,ppo,2,0.0409042959750748
nuclear,ntp_pewee,mars_crew_fast,my_pilot_nuclear,ppo,3,0.0423450197230711
nuclear,ntp_pewee,mars_crew_fast,my_pilot_nuclear,ppo,4,0.0438452990014848
nuclear,ntp_pewee,mars_crew_fast,my_pilot_nuclear,ppo,5,0.0563701766801322
nuclear,ntp_pewee,mars_crew_fast,my_pilot_nuclear,ppo,6,0.0466561087847669
nuclear,ntp_pewee,mars_crew_fast,my_pilot_nuclear,ppo,7,0.0552648091390727
nuclear,ntp_pewee,mars_crew_fast,my_pilot_nuclear,prograde,0,0.0680398727517527
nuclear,ntp_pewee,mars_crew_fast,my_pilot_nuclear,prograde,1,0.0680398727517527
nuclear,ntp_pewee,mars_crew_fast,my_pilot_nuclear,prograde,2,0.0680398727517527
nuclear,ntp_pewee,mars_crew_fast,my_pilot_nuclear,prograde,3,0.0680398727517527
nuclear,ntp_pewee,mars_crew_fast,my_pilot_nuclear,prograde,4,0.0680398727517527
nuclear,ntp_pewee,mars_crew_fast,my_pilot_nuclear,prograde,5,0.0680398727517527
nuclear,ntp_pewee,mars_crew_fast,my_pilot_nuclear,prograde,6,0.0680398727517527
nuclear,ntp_pewee,mars_crew_fast,my_pilot_nuclear,prograde,7,0.0680398727517527
nuclear,ntp_pewee,mars_crew_fast,my_pilot_nuclear,random,0,0.0578948533008215
nuclear,ntp_pewee,mars_crew_fast,my_pilot_nuclear,random,1,0.0480380016439072
nuclear,ntp_pewee,mars_crew_fast,my_pilot_nuclear,random,2,0.0498436501290102
nuclear,ntp_pewee,mars_crew_fast,my_pilot_nuclear,random,3,0.0508785348525169
nuclear,ntp_pewee,mars_crew_fast,my_pilot_nuclear,random,4,0.0567941364107222
nuclear,ntp_pewee,mars_crew_fast,my_pilot_nuclear,random,5,0.0495988949377914
nuclear,ntp_pewee,mars_crew_fast,my_pilot_nuclear,random,6,0.046288654433307
nuclear,ntp_pewee,mars_crew_fast,my_pilot_nuclear,random,7,0.0585789939966799
nuclear,ntp_pewee,mars_crew_fast,my_pilot_nuclear,sac,0,0.0544044927869689
nuclear,ntp_pewee,mars_crew_fast,my_pilot_nuclear,sac,1,0.0544060077203409
nuclear,ntp_pewee,mars_crew_fast,my_pilot_nuclear,sac,2,0.0544049879573237
nuclear,ntp_pewee,mars_crew_fast,my_pilot_nuclear,sac,3,0.054403615092587
nuclear,ntp_pewee,mars_crew_fast,my_pilot_nuclear,sac,4,0.0544043329691046
nuclear,ntp_pewee,mars_crew_fast,my_pilot_nuclear,sac,5,0.0544058118537493
nuclear,ntp_pewee,mars_crew_fast,my_pilot_nuclear,sac,6,0.054404571785263
nuclear,ntp_pewee,mars_crew_fast,my_pilot_nuclear,sac,7,0.0544055078972158
nuclear,nep_kilopower,leo_geo_transfer,smoke,max_thrust,0,0.008760208283455001
nuclear,nep_kilopower,leo_geo_transfer,smoke,max_thrust,1,0.008760208283455001
nuclear,nep_kilopower,leo_geo_transfer,smoke,max_thrust,2,0.008760208283455001
nuclear,nep_kilopower,leo_geo_transfer,smoke,ppo,0,0.0012000000000000001
nuclear,nep_kilopower,leo_geo_transfer,smoke,ppo,1,0.0012000000000000001
nuclear,nep_kilopower,leo_geo_transfer,smoke,ppo,2,0.0012000000000000001
nuclear,nep_kilopower,leo_geo_transfer,smoke,random,0,0.00200841297977
nuclear,nep_kilopower,leo_geo_transfer,smoke,random,1,0.001799883077172
nuclear,nep_kilopower,leo_geo_transfer,smoke,random,2,0.00169068938611
nuclear,ntp_pewee,leo_geo_transfer,smoke,max_thrust,0,0.034019936375876005
nuclear,ntp_pewee,leo_geo_transfer,smoke,max_thrust,1,0.034019936375876005
nuclear,ntp_pewee,leo_geo_transfer,smoke,max_thrust,2,0.034019936375876005
nuclear,ntp_pewee,leo_geo_transfer,smoke,ppo,0,0.018093968623788002
nuclear,ntp_pewee,leo_geo_transfer,smoke,ppo,1,0.01807509728737
nuclear,ntp_pewee,leo_geo_transfer,smoke,ppo,2,0.018027934327105002
nuclear,ntp_pewee,leo_geo_transfer,smoke,random,0,0.020840113636119
nuclear,ntp_pewee,leo_geo_transfer,smoke,random,1,0.017417695275028
nuclear,ntp_pewee,leo_geo_transfer,smoke,random,2,0.016666666666666
