family,propulsion,mission,sweep,agent,seed,constraint_violations
electric,hall_hermes,earth_mars_cargo,electric_vs_nuclear,bang_bang,0,58.95
electric,hall_hermes,earth_mars_cargo,electric_vs_nuclear,bang_bang,0,58.95
electric,hall_hermes,earth_mars_cargo,electric_vs_nuclear,bang_bang,1,0.0
electric,hall_hermes,earth_mars_cargo,electric_vs_nuclear,bang_bang,1,0.0
electric,hall_hermes,earth_mars_cargo,electric_vs_nuclear,bang_bang,2,0.0
electric,hall_hermes,earth_mars_cargo,electric_vs_nuclear,bang_bang,2,0.0
electric,hall_hermes,earth_mars_cargo,electric_vs_nuclear,bang_bang,3,0.0
electric,hall_hermes,earth_mars_cargo,electric_vs_nuclear,bang_bang,3,0.0
electric,hall_hermes,earth_mars_cargo,electric_vs_nuclear,bang_bang,4,0.0
electric,hall_hermes,earth_mars_cargo,electric_vs_nuclear,bang_bang,4,0.0
electric,hall_hermes,earth_mars_cargo,electric_vs_nuclear,bang_bang,5,0.0
electric,hall_hermes,earth_mars_cargo,electric_vs_nuclear,bang_bang,5,0.0
electric,hall_hermes,earth_mars_cargo,electric_vs_nuclear,bang_bang,6,0.0
electric,hall_hermes,earth_mars_cargo,electric_vs_nuclear,bang_bang,6,0.0
electric,hall_hermes,earth_mars_cargo,electric_vs_nuclear,bang_bang,7,0.0
electric,hall_hermes,earth_mars_cargo,electric_vs_nuclear,bang_bang,7,0.0
electric,hall_hermes,leo_geo_transfer,my_pilot,edelbaum,0,860.0
electric,hall_hermes,leo_geo_transfer,my_pilot,edelbaum,1,471.5
electric,hall_hermes,leo_geo_transfer,my_pilot,edelbaum,2,700.75
electric,hall_hermes,leo_geo_transfer,my_pilot,edelbaum,3,1141.25
electric,hall_hermes,leo_geo_transfer,my_pilot,edelbaum,4,650.75
electric,hall_hermes,leo_geo_transfer,my_pilot,edelbaum,5,616.75
electric,hall_hermes,leo_geo_transfer,my_pilot,edelbaum,6,570.25
electric,hall_hermes,leo_geo_transfer,my_pilot,edelbaum,7,994.75
electric,hall_hermes,leo_geo_transfer,my_pilot,max_thrust,0,874.5
electric,hall_hermes,leo_geo_transfer,my_pilot,max_thrust,1,609.5
electric,hall_hermes,leo_geo_transfer,my_pilot,max_thrust,2,828.25
electric,hall_hermes,leo_geo_transfer,my_pilot,max_thrust,3,950.25
electric,hall_hermes,leo_geo_transfer,my_pilot,max_thrust,4,696.75
electric,hall_hermes,leo_geo_transfer,my_pilot,max_thrust,5,946.25
electric,hall_hermes,leo_geo_transfer,my_pilot,max_thrust,6,773.0
electric,hall_hermes,leo_geo_transfer,my_pilot,max_thrust,7,867.75
electric,hall_hermes,leo_geo_transfer,my_pilot,ppo,0,1336.0
electric,hall_hermes,leo_geo_transfer,my_pilot,ppo,1,1346.5
electric,hall_hermes,leo_geo_transfer,my_pilot,ppo,2,1365.0
electric,hall_hermes,leo_geo_transfer,my_pilot,ppo,3,1364.5
electric,hall_hermes,leo_geo_transfer,my_pilot,ppo,4,1342.0
electric,hall_hermes,leo_geo_transfer,my_pilot,ppo,5,1363.25
electric,hall_hermes,leo_geo_transfer,my_pilot,ppo,6,1316.25
electric,hall_hermes,leo_geo_transfer,my_pilot,ppo,7,1347.25
electric,hall_hermes,leo_geo_transfer,my_pilot,prograde,0,551.25
electric,hall_hermes,leo_geo_transfer,my_pilot,prograde,1,213.75
electric,hall_hermes,leo_geo_transfer,my_pilot,prograde,2,507.25
electric,hall_hermes,leo_geo_transfer,my_pilot,prograde,3,671.75
electric,hall_hermes,leo_geo_transfer,my_pilot,prograde,4,330.0
electric,hall_hermes,leo_geo_transfer,my_pilot,prograde,5,654.25
electric,hall_hermes,leo_geo_transfer,my_pilot,prograde,6,460.25
electric,hall_hermes,leo_geo_transfer,my_pilot,prograde,7,609.5
electric,hall_hermes,leo_geo_transfer,my_pilot,random,0,1.0
electric,hall_hermes,leo_geo_transfer,my_pilot,random,1,1.0
electric,hall_hermes,leo_geo_transfer,my_pilot,random,2,2.75
electric,hall_hermes,leo_geo_transfer,my_pilot,random,3,6.25
electric,hall_hermes,leo_geo_transfer,my_pilot,random,4,1.5
electric,hall_hermes,leo_geo_transfer,my_pilot,random,5,3.5
electric,hall_hermes,leo_geo_transfer,my_pilot,random,6,1.75
electric,hall_hermes,leo_geo_transfer,my_pilot,random,7,4.0
electric,hall_hermes,leo_geo_transfer,my_pilot,sac,0,1356.5
electric,hall_hermes,leo_geo_transfer,my_pilot,sac,1,1376.5
electric,hall_hermes,leo_geo_transfer,my_pilot,sac,2,1381.5
electric,hall_hermes,leo_geo_transfer,my_pilot,sac,3,1375.25
electric,hall_hermes,leo_geo_transfer,my_pilot,sac,4,1351.25
electric,hall_hermes,leo_geo_transfer,my_pilot,sac,5,1384.75
electric,hall_hermes,leo_geo_transfer,my_pilot,sac,6,1341.5
electric,hall_hermes,leo_geo_transfer,my_pilot,sac,7,1370.0
electric,hall_spt100,leo_geo_transfer,my_pilot,edelbaum,0,0.0
electric,hall_spt100,leo_geo_transfer,my_pilot,edelbaum,1,0.0
electric,hall_spt100,leo_geo_transfer,my_pilot,edelbaum,2,0.0
electric,hall_spt100,leo_geo_transfer,my_pilot,edelbaum,3,0.0
electric,hall_spt100,leo_geo_transfer,my_pilot,edelbaum,4,0.0
electric,hall_spt100,leo_geo_transfer,my_pilot,edelbaum,5,0.0
electric,hall_spt100,leo_geo_transfer,my_pilot,edelbaum,6,0.0
electric,hall_spt100,leo_geo_transfer,my_pilot,edelbaum,7,0.0
electric,hall_spt100,leo_geo_transfer,my_pilot,max_thrust,0,0.0
electric,hall_spt100,leo_geo_transfer,my_pilot,max_thrust,1,0.0
electric,hall_spt100,leo_geo_transfer,my_pilot,max_thrust,2,0.0
electric,hall_spt100,leo_geo_transfer,my_pilot,max_thrust,3,0.0
electric,hall_spt100,leo_geo_transfer,my_pilot,max_thrust,4,0.0
electric,hall_spt100,leo_geo_transfer,my_pilot,max_thrust,5,0.0
electric,hall_spt100,leo_geo_transfer,my_pilot,max_thrust,6,0.0
electric,hall_spt100,leo_geo_transfer,my_pilot,max_thrust,7,0.0
electric,hall_spt100,leo_geo_transfer,my_pilot,ppo,0,0.0
electric,hall_spt100,leo_geo_transfer,my_pilot,ppo,1,0.0
electric,hall_spt100,leo_geo_transfer,my_pilot,ppo,2,0.0
electric,hall_spt100,leo_geo_transfer,my_pilot,ppo,3,0.0
electric,hall_spt100,leo_geo_transfer,my_pilot,ppo,4,0.0
electric,hall_spt100,leo_geo_transfer,my_pilot,ppo,5,0.0
electric,hall_spt100,leo_geo_transfer,my_pilot,ppo,6,0.0
electric,hall_spt100,leo_geo_transfer,my_pilot,ppo,7,0.0
electric,hall_spt100,leo_geo_transfer,my_pilot,prograde,0,0.0
electric,hall_spt100,leo_geo_transfer,my_pilot,prograde,1,0.0
electric,hall_spt100,leo_geo_transfer,my_pilot,prograde,2,0.0
electric,hall_spt100,leo_geo_transfer,my_pilot,prograde,3,0.0
electric,hall_spt100,leo_geo_transfer,my_pilot,prograde,4,0.0
electric,hall_spt100,leo_geo_transfer,my_pilot,prograde,5,0.0
electric,hall_spt100,leo_geo_transfer,my_pilot,prograde,6,0.0
electric,hall_spt100,leo_geo_transfer,my_pilot,prograde,7,0.0
electric,hall_spt100,leo_geo_transfer,my_pilot,random,0,0.0
electric,hall_spt100,leo_geo_transfer,my_pilot,random,1,0.0
electric,hall_spt100,leo_geo_transfer,my_pilot,random,2,0.0
electric,hall_spt100,leo_geo_transfer,my_pilot,random,3,0.0
electric,hall_spt100,leo_geo_transfer,my_pilot,random,4,0.0
electric,hall_spt100,leo_geo_transfer,my_pilot,random,5,0.0
electric,hall_spt100,leo_geo_transfer,my_pilot,random,6,0.0
electric,hall_spt100,leo_geo_transfer,my_pilot,random,7,0.0
electric,hall_spt100,leo_geo_transfer,my_pilot,sac,0,0.0
electric,hall_spt100,leo_geo_transfer,my_pilot,sac,1,0.0
electric,hall_spt100,leo_geo_transfer,my_pilot,sac,2,0.0
electric,hall_spt100,leo_geo_transfer,my_pilot,sac,3,0.0
electric,hall_spt100,leo_geo_transfer,my_pilot,sac,4,0.0
electric,hall_spt100,leo_geo_transfer,my_pilot,sac,5,0.0
electric,hall_spt100,leo_geo_transfer,my_pilot,sac,6,0.0
electric,hall_spt100,leo_geo_transfer,my_pilot,sac,7,0.0
electric,ion_next,leo_geo_transfer,my_pilot,edelbaum,0,3648.25
electric,ion_next,leo_geo_transfer,my_pilot,edelbaum,1,3664.0
electric,ion_next,leo_geo_transfer,my_pilot,edelbaum,2,3654.75
electric,ion_next,leo_geo_transfer,my_pilot,edelbaum,3,3649.5
electric,ion_next,leo_geo_transfer,my_pilot,edelbaum,4,3654.75
electric,ion_next,leo_geo_transfer,my_pilot,edelbaum,5,3635.5
electric,ion_next,leo_geo_transfer,my_pilot,edelbaum,6,3649.0
electric,ion_next,leo_geo_transfer,my_pilot,edelbaum,7,3654.75
electric,ion_next,leo_geo_transfer,my_pilot,max_thrust,0,0.0
electric,ion_next,leo_geo_transfer,my_pilot,max_thrust,1,0.0
electric,ion_next,leo_geo_transfer,my_pilot,max_thrust,2,0.0
electric,ion_next,leo_geo_transfer,my_pilot,max_thrust,3,0.0
electric,ion_next,leo_geo_transfer,my_pilot,max_thrust,4,0.0
electric,ion_next,leo_geo_transfer,my_pilot,max_thrust,5,0.0
electric,ion_next,leo_geo_transfer,my_pilot,max_thrust,6,0.0
electric,ion_next,leo_geo_transfer,my_pilot,max_thrust,7,0.0
electric,ion_next,leo_geo_transfer,my_pilot,ppo,0,0.0
electric,ion_next,leo_geo_transfer,my_pilot,ppo,1,0.0
electric,ion_next,leo_geo_transfer,my_pilot,ppo,2,0.0
electric,ion_next,leo_geo_transfer,my_pilot,ppo,3,0.0
electric,ion_next,leo_geo_transfer,my_pilot,ppo,4,0.0
electric,ion_next,leo_geo_transfer,my_pilot,ppo,5,0.0
electric,ion_next,leo_geo_transfer,my_pilot,ppo,6,0.0
electric,ion_next,leo_geo_transfer,my_pilot,ppo,7,0.0
electric,ion_next,leo_geo_transfer,my_pilot,prograde,0,3237.5
electric,ion_next,leo_geo_transfer,my_pilot,prograde,1,1744.0
electric,ion_next,leo_geo_transfer,my_pilot,prograde,2,2840.0
electric,ion_next,leo_geo_transfer,my_pilot,prograde,3,2924.5
electric,ion_next,leo_geo_transfer,my_pilot,prograde,4,2537.25
electric,ion_next,leo_geo_transfer,my_pilot,prograde,5,3528.5
electric,ion_next,leo_geo_transfer,my_pilot,prograde,6,2796.25
electric,ion_next,leo_geo_transfer,my_pilot,prograde,7,3134.5
electric,ion_next,leo_geo_transfer,my_pilot,random,0,542.5
electric,ion_next,leo_geo_transfer,my_pilot,random,1,439.5
electric,ion_next,leo_geo_transfer,my_pilot,random,2,536.0
electric,ion_next,leo_geo_transfer,my_pilot,random,3,584.0
electric,ion_next,leo_geo_transfer,my_pilot,random,4,475.75
electric,ion_next,leo_geo_transfer,my_pilot,random,5,539.5
electric,ion_next,leo_geo_transfer,my_pilot,random,6,542.75
electric,ion_next,leo_geo_transfer,my_pilot,random,7,569.25
electric,ion_next,leo_geo_transfer,my_pilot,sac,0,0.0
electric,ion_next,leo_geo_transfer,my_pilot,sac,1,0.0
electric,ion_next,leo_geo_transfer,my_pilot,sac,2,0.0
electric,ion_next,leo_geo_transfer,my_pilot,sac,3,0.0
electric,ion_next,leo_geo_transfer,my_pilot,sac,4,0.0
electric,ion_next,leo_geo_transfer,my_pilot,sac,5,0.0
electric,ion_next,leo_geo_transfer,my_pilot,sac,6,0.0
electric,ion_next,leo_geo_transfer,my_pilot,sac,7,0.0
electric,ion_nstar,leo_geo_transfer,my_pilot,edelbaum,0,3308.25
electric,ion_nstar,leo_geo_transfer,my_pilot,edelbaum,1,3311.75
electric,ion_nstar,leo_geo_transfer,my_pilot,edelbaum,2,3314.5
electric,ion_nstar,leo_geo_transfer,my_pilot,edelbaum,3,3307.25
electric,ion_nstar,leo_geo_transfer,my_pilot,edelbaum,4,3295.0
electric,ion_nstar,leo_geo_transfer,my_pilot,edelbaum,5,3281.5
electric,ion_nstar,leo_geo_transfer,my_pilot,edelbaum,6,3330.75
electric,ion_nstar,leo_geo_transfer,my_pilot,edelbaum,7,3296.75
electric,ion_nstar,leo_geo_transfer,my_pilot,max_thrust,0,0.0
electric,ion_nstar,leo_geo_transfer,my_pilot,max_thrust,1,0.0
electric,ion_nstar,leo_geo_transfer,my_pilot,max_thrust,2,0.0
electric,ion_nstar,leo_geo_transfer,my_pilot,max_thrust,3,0.0
electric,ion_nstar,leo_geo_transfer,my_pilot,max_thrust,4,0.0
electric,ion_nstar,leo_geo_transfer,my_pilot,max_thrust,5,0.0
electric,ion_nstar,leo_geo_transfer,my_pilot,max_thrust,6,0.0
electric,ion_nstar,leo_geo_transfer,my_pilot,max_thrust,7,0.0
electric,ion_nstar,leo_geo_transfer,my_pilot,ppo,0,0.0
electric,ion_nstar,leo_geo_transfer,my_pilot,ppo,1,0.0
electric,ion_nstar,leo_geo_transfer,my_pilot,ppo,2,2.5
electric,ion_nstar,leo_geo_transfer,my_pilot,ppo,3,0.0
electric,ion_nstar,leo_geo_transfer,my_pilot,ppo,4,0.0
electric,ion_nstar,leo_geo_transfer,my_pilot,ppo,5,0.0
electric,ion_nstar,leo_geo_transfer,my_pilot,ppo,6,0.0
electric,ion_nstar,leo_geo_transfer,my_pilot,ppo,7,0.0
electric,ion_nstar,leo_geo_transfer,my_pilot,prograde,0,3304.5
electric,ion_nstar,leo_geo_transfer,my_pilot,prograde,1,3420.75
electric,ion_nstar,leo_geo_transfer,my_pilot,prograde,2,3333.75
electric,ion_nstar,leo_geo_transfer,my_pilot,prograde,3,3321.0
electric,ion_nstar,leo_geo_transfer,my_pilot,prograde,4,3361.0
electric,ion_nstar,leo_geo_transfer,my_pilot,prograde,5,3275.5
electric,ion_nstar,leo_geo_transfer,my_pilot,prograde,6,3302.5
electric,ion_nstar,leo_geo_transfer,my_pilot,prograde,7,3300.5
electric,ion_nstar,leo_geo_transfer,my_pilot,random,0,613.0
electric,ion_nstar,leo_geo_transfer,my_pilot,random,1,489.0
electric,ion_nstar,leo_geo_transfer,my_pilot,random,2,623.0
electric,ion_nstar,leo_geo_transfer,my_pilot,random,3,678.25
electric,ion_nstar,leo_geo_transfer,my_pilot,random,4,539.0
electric,ion_nstar,leo_geo_transfer,my_pilot,random,5,621.75
electric,ion_nstar,leo_geo_transfer,my_pilot,random,6,595.75
electric,ion_nstar,leo_geo_transfer,my_pilot,random,7,672.0
electric,ion_nstar,leo_geo_transfer,my_pilot,sac,0,0.0
electric,ion_nstar,leo_geo_transfer,my_pilot,sac,1,0.0
electric,ion_nstar,leo_geo_transfer,my_pilot,sac,2,0.0
electric,ion_nstar,leo_geo_transfer,my_pilot,sac,3,0.0
electric,ion_nstar,leo_geo_transfer,my_pilot,sac,4,0.0
electric,ion_nstar,leo_geo_transfer,my_pilot,sac,5,0.0
electric,ion_nstar,leo_geo_transfer,my_pilot,sac,6,0.0
electric,ion_nstar,leo_geo_transfer,my_pilot,sac,7,0.0
electric,hall_hermes,mars_crew_fast,my_pilot_nuclear,max_thrust,0,125.25
electric,hall_hermes,mars_crew_fast,my_pilot_nuclear,max_thrust,1,140.0
electric,hall_hermes,mars_crew_fast,my_pilot_nuclear,max_thrust,2,272.5
electric,hall_hermes,mars_crew_fast,my_pilot_nuclear,max_thrust,3,212.0
electric,hall_hermes,mars_crew_fast,my_pilot_nuclear,max_thrust,4,282.75
electric,hall_hermes,mars_crew_fast,my_pilot_nuclear,max_thrust,5,338.0
electric,hall_hermes,mars_crew_fast,my_pilot_nuclear,max_thrust,6,257.0
electric,hall_hermes,mars_crew_fast,my_pilot_nuclear,max_thrust,7,259.5
electric,hall_hermes,mars_crew_fast,my_pilot_nuclear,ppo,0,0.0
electric,hall_hermes,mars_crew_fast,my_pilot_nuclear,ppo,1,0.0
electric,hall_hermes,mars_crew_fast,my_pilot_nuclear,ppo,2,0.0
electric,hall_hermes,mars_crew_fast,my_pilot_nuclear,ppo,3,0.0
electric,hall_hermes,mars_crew_fast,my_pilot_nuclear,ppo,4,0.0
electric,hall_hermes,mars_crew_fast,my_pilot_nuclear,ppo,5,0.0
electric,hall_hermes,mars_crew_fast,my_pilot_nuclear,ppo,6,0.0
electric,hall_hermes,mars_crew_fast,my_pilot_nuclear,ppo,7,0.0
electric,hall_hermes,mars_crew_fast,my_pilot_nuclear,prograde,0,25.0
electric,hall_hermes,mars_crew_fast,my_pilot_nuclear,prograde,1,45.25
electric,hall_hermes,mars_crew_fast,my_pilot_nuclear,prograde,2,242.5
electric,hall_hermes,mars_crew_fast,my_pilot_nuclear,prograde,3,88.75
electric,hall_hermes,mars_crew_fast,my_pilot_nuclear,prograde,4,195.25
electric,hall_hermes,mars_crew_fast,my_pilot_nuclear,prograde,5,246.5
electric,hall_hermes,mars_crew_fast,my_pilot_nuclear,prograde,6,169.5
electric,hall_hermes,mars_crew_fast,my_pilot_nuclear,prograde,7,119.0
electric,hall_hermes,mars_crew_fast,my_pilot_nuclear,random,0,0.75
electric,hall_hermes,mars_crew_fast,my_pilot_nuclear,random,1,1.25
electric,hall_hermes,mars_crew_fast,my_pilot_nuclear,random,2,3.25
electric,hall_hermes,mars_crew_fast,my_pilot_nuclear,random,3,2.0
electric,hall_hermes,mars_crew_fast,my_pilot_nuclear,random,4,3.5
electric,hall_hermes,mars_crew_fast,my_pilot_nuclear,random,5,3.25
electric,hall_hermes,mars_crew_fast,my_pilot_nuclear,random,6,2.25
electric,hall_hermes,mars_crew_fast,my_pilot_nuclear,random,7,1.5
electric,hall_hermes,mars_crew_fast,my_pilot_nuclear,sac,0,0.0
electric,hall_hermes,mars_crew_fast,my_pilot_nuclear,sac,1,0.0
electric,hall_hermes,mars_crew_fast,my_pilot_nuclear,sac,2,0.0
electric,hall_hermes,mars_crew_fast,my_pilot_nuclear,sac,3,0.0
electric,hall_hermes,mars_crew_fast,my_pilot_nuclear,sac,4,0.0
electric,hall_hermes,mars_crew_fast,my_pilot_nuclear,sac,5,0.0
electric,hall_hermes,mars_crew_fast,my_pilot_nuclear,sac,6,0.0
electric,hall_hermes,mars_crew_fast,my_pilot_nuclear,sac,7,0.0
electric,ion_next,mars_crew_fast,my_pilot_nuclear,max_thrust,0,0.0
electric,ion_next,mars_crew_fast,my_pilot_nuclear,max_thrust,1,0.0
electric,ion_next,mars_crew_fast,my_pilot_nuclear,max_thrust,2,0.0
electric,ion_next,mars_crew_fast,my_pilot_nuclear,max_thrust,3,0.0
electric,ion_next,mars_crew_fast,my_pilot_nuclear,max_thrust,4,0.0
electric,ion_next,mars_crew_fast,my_pilot_nuclear,max_thrust,5,0.0
electric,ion_next,mars_crew_fast,my_pilot_nuclear,max_thrust,6,0.0
electric,ion_next,mars_crew_fast,my_pilot_nuclear,max_thrust,7,0.0
electric,ion_next,mars_crew_fast,my_pilot_nuclear,ppo,0,0.0
electric,ion_next,mars_crew_fast,my_pilot_nuclear,ppo,1,0.0
electric,ion_next,mars_crew_fast,my_pilot_nuclear,ppo,2,0.0
electric,ion_next,mars_crew_fast,my_pilot_nuclear,ppo,3,0.0
electric,ion_next,mars_crew_fast,my_pilot_nuclear,ppo,4,0.0
electric,ion_next,mars_crew_fast,my_pilot_nuclear,ppo,5,0.0
electric,ion_next,mars_crew_fast,my_pilot_nuclear,ppo,6,0.0
electric,ion_next,mars_crew_fast,my_pilot_nuclear,ppo,7,0.0
electric,ion_next,mars_crew_fast,my_pilot_nuclear,prograde,0,1402.75
electric,ion_next,mars_crew_fast,my_pilot_nuclear,prograde,1,1610.25
electric,ion_next,mars_crew_fast,my_pilot_nuclear,prograde,2,2213.25
electric,ion_next,mars_crew_fast,my_pilot_nuclear,prograde,3,1944.5
electric,ion_next,mars_crew_fast,my_pilot_nuclear,prograde,4,2179.5
electric,ion_next,mars_crew_fast,my_pilot_nuclear,prograde,5,2548.75
electric,ion_next,mars_crew_fast,my_pilot_nuclear,prograde,6,2104.75
electric,ion_next,mars_crew_fast,my_pilot_nuclear,prograde,7,1995.75
electric,ion_next,mars_crew_fast,my_pilot_nuclear,random,0,418.0
electric,ion_next,mars_crew_fast,my_pilot_nuclear,random,1,448.0
electric,ion_next,mars_crew_fast,my_pilot_nuclear,random,2,510.25
electric,ion_next,mars_crew_fast,my_pilot_nuclear,random,3,488.0
electric,ion_next,mars_crew_fast,my_pilot_nuclear,random,4,529.0
electric,ion_next,mars_crew_fast,my_pilot_nuclear,random,5,560.25
electric,ion_next,mars_crew_fast,my_pilot_nuclear,random,6,514.75
electric,ion_next,mars_crew_fast,my_pilot_nuclear,random,7,522.5
electric,ion_next,mars_crew_fast,my_pilot_nuclear,sac,0,0.0
electric,ion_next,mars_crew_fast,my_pilot_nuclear,sac,1,0.0
electric,ion_next,mars_crew_fast,my_pilot_nuclear,sac,2,0.0
electric,ion_next,mars_crew_fast,my_pilot_nuclear,sac,3,0.0
electric,ion_next,mars_crew_fast,my_pilot_nuclear,sac,4,0.0
electric,ion_next,mars_crew_fast,my_pilot_nuclear,sac,5,0.0
electric,ion_next,mars_crew_fast,my_pilot_nuclear,sac,6,0.0
electric,ion_next,mars_crew_fast,my_pilot_nuclear,sac,7,0.0
electric,hall_spt100,leo_geo_transfer,smoke,max_thrust,0,1.0
electric,hall_spt100,leo_geo_transfer,smoke,max_thrust,1,1.0
electric,hall_spt100,leo_geo_transfer,smoke,max_thrust,2,1.0
electric,hall_spt100,leo_geo_transfer,smoke,ppo,0,1.0
electric,hall_spt100,leo_geo_transfer,smoke,ppo,1,1.0
electric,hall_spt100,leo_geo_transfer,smoke,ppo,2,1.0
electric,hall_spt100,leo_geo_transfer,smoke,random,0,1.0
electric,hall_spt100,leo_geo_transfer,smoke,random,1,1.0
electric,hall_spt100,leo_geo_transfer,smoke,random,2,1.0
nuclear,nep_kilopower,leo_geo_transfer,my_pilot,edelbaum,0,0.0
nuclear,nep_kilopower,leo_geo_transfer,my_pilot,edelbaum,1,0.0
nuclear,nep_kilopower,leo_geo_transfer,my_pilot,edelbaum,2,0.0
nuclear,nep_kilopower,leo_geo_transfer,my_pilot,edelbaum,3,0.0
nuclear,nep_kilopower,leo_geo_transfer,my_pilot,edelbaum,4,0.0
nuclear,nep_kilopower,leo_geo_transfer,my_pilot,edelbaum,5,0.0
nuclear,nep_kilopower,leo_geo_transfer,my_pilot,edelbaum,6,0.0
nuclear,nep_kilopower,leo_geo_transfer,my_pilot,edelbaum,7,0.0
nuclear,nep_kilopower,leo_geo_transfer,my_pilot,max_thrust,0,0.0
nuclear,nep_kilopower,leo_geo_transfer,my_pilot,max_thrust,1,0.0
nuclear,nep_kilopower,leo_geo_transfer,my_pilot,max_thrust,2,0.0
nuclear,nep_kilopower,leo_geo_transfer,my_pilot,max_thrust,3,0.0
nuclear,nep_kilopower,leo_geo_transfer,my_pilot,max_thrust,4,0.0
nuclear,nep_kilopower,leo_geo_transfer,my_pilot,max_thrust,5,0.0
nuclear,nep_kilopower,leo_geo_transfer,my_pilot,max_thrust,6,0.0
nuclear,nep_kilopower,leo_geo_transfer,my_pilot,max_thrust,7,0.0
nuclear,nep_kilopower,leo_geo_transfer,my_pilot,ppo,0,34.5
nuclear,nep_kilopower,leo_geo_transfer,my_pilot,ppo,1,32.75
nuclear,nep_kilopower,leo_geo_transfer,my_pilot,ppo,2,44.5
nuclear,nep_kilopower,leo_geo_transfer,my_pilot,ppo,3,26.0
nuclear,nep_kilopower,leo_geo_transfer,my_pilot,ppo,4,51.25
nuclear,nep_kilopower,leo_geo_transfer,my_pilot,ppo,5,0.75
nuclear,nep_kilopower,leo_geo_transfer,my_pilot,ppo,6,18.5
nuclear,nep_kilopower,leo_geo_transfer,my_pilot,ppo,7,42.25
nuclear,nep_kilopower,leo_geo_transfer,my_pilot,prograde,0,0.0
nuclear,nep_kilopower,leo_geo_transfer,my_pilot,prograde,1,0.0
nuclear,nep_kilopower,leo_geo_transfer,my_pilot,prograde,2,0.0
nuclear,nep_kilopower,leo_geo_transfer,my_pilot,prograde,3,0.0
nuclear,nep_kilopower,leo_geo_transfer,my_pilot,prograde,4,0.0
nuclear,nep_kilopower,leo_geo_transfer,my_pilot,prograde,5,0.0
nuclear,nep_kilopower,leo_geo_transfer,my_pilot,prograde,6,0.0
nuclear,nep_kilopower,leo_geo_transfer,my_pilot,prograde,7,0.0
nuclear,nep_kilopower,leo_geo_transfer,my_pilot,random,0,0.0
nuclear,nep_kilopower,leo_geo_transfer,my_pilot,random,1,0.0
nuclear,nep_kilopower,leo_geo_transfer,my_pilot,random,2,0.0
nuclear,nep_kilopower,leo_geo_transfer,my_pilot,random,3,0.0
nuclear,nep_kilopower,leo_geo_transfer,my_pilot,random,4,0.0
nuclear,nep_kilopower,leo_geo_transfer,my_pilot,random,5,0.0
nuclear,nep_kilopower,leo_geo_transfer,my_pilot,random,6,0.0
nuclear,nep_kilopower,leo_geo_transfer,my_pilot,random,7,0.0
nuclear,nep_kilopower,leo_geo_transfer,my_pilot,sac,0,59.25
nuclear,nep_kilopower,leo_geo_transfer,my_pilot,sac,1,57.75
nuclear,nep_kilopower,leo_geo_transfer,my_pilot,sac,2,70.0
nuclear,nep_kilopower,leo_geo_transfer,my_pilot,sac,3,46.25
nuclear,nep_kilopower,leo_geo_transfer,my_pilot,sac,4,85.0
nuclear,nep_kilopower,leo_geo_transfer,my_pilot,sac,5,14.75
nuclear,nep_kilopower,leo_geo_transfer,my_pilot,sac,6,34.75
nuclear,nep_kilopower,leo_geo_transfer,my_pilot,sac,7,76.25
nuclear,nep_brayton,mars_crew_fast,my_pilot_nuclear,max_thrust,0,0.0
nuclear,nep_brayton,mars_crew_fast,my_pilot_nuclear,max_thrust,1,0.0
nuclear,nep_brayton,mars_crew_fast,my_pilot_nuclear,max_thrust,2,0.0
nuclear,nep_brayton,mars_crew_fast,my_pilot_nuclear,max_thrust,3,0.0
nuclear,nep_brayton,mars_crew_fast,my_pilot_nuclear,max_thrust,4,0.0
nuclear,nep_brayton,mars_crew_fast,my_pilot_nuclear,max_thrust,5,0.0
nuclear,nep_brayton,mars_crew_fast,my_pilot_nuclear,max_thrust,6,0.0
nuclear,nep_brayton,mars_crew_fast,my_pilot_nuclear,max_thrust,7,0.0
nuclear,nep_brayton,mars_crew_fast,my_pilot_nuclear,ppo,0,0.0
nuclear,nep_brayton,mars_crew_fast,my_pilot_nuclear,ppo,1,0.0
nuclear,nep_brayton,mars_crew_fast,my_pilot_nuclear,ppo,2,0.0
nuclear,nep_brayton,mars_crew_fast,my_pilot_nuclear,ppo,3,0.0
nuclear,nep_brayton,mars_crew_fast,my_pilot_nuclear,ppo,4,0.0
nuclear,nep_brayton,mars_crew_fast,my_pilot_nuclear,ppo,5,0.0
nuclear,nep_brayton,mars_crew_fast,my_pilot_nuclear,ppo,6,0.0
nuclear,nep_brayton,mars_crew_fast,my_pilot_nuclear,ppo,7,0.0
nuclear,nep_brayton,mars_crew_fast,my_pilot_nuclear,prograde,0,0.0
nuclear,nep_brayton,mars_crew_fast,my_pilot_nuclear,prograde,1,0.0
nuclear,nep_brayton,mars_crew_fast,my_pilot_nuclear,prograde,2,3.5
nuclear,nep_brayton,mars_crew_fast,my_pilot_nuclear,prograde,3,11.0
nuclear,nep_brayton,mars_crew_fast,my_pilot_nuclear,prograde,4,0.0
nuclear,nep_brayton,mars_crew_fast,my_pilot_nuclear,prograde,5,0.0
nuclear,nep_brayton,mars_crew_fast,my_pilot_nuclear,prograde,6,0.0
nuclear,nep_brayton,mars_crew_fast,my_pilot_nuclear,prograde,7,7.0
nuclear,nep_brayton,mars_crew_fast,my_pilot_nuclear,random,0,0.0
nuclear,nep_brayton,mars_crew_fast,my_pilot_nuclear,random,1,0.25
nuclear,nep_brayton,mars_crew_fast,my_pilot_nuclear,random,2,0.0
nuclear,nep_brayton,mars_crew_fast,my_pilot_nuclear,random,3,0.25
nuclear,nep_brayton,mars_crew_fast,my_pilot_nuclear,random,4,0.0
nuclear,nep_brayton,mars_crew_fast,my_pilot_nuclear,random,5,0.0
nuclear,nep_brayton,mars_crew_fast,my_pilot_nuclear,random,6,0.25
nuclear,nep_brayton,mars_crew_fast,my_pilot_nuclear,random,7,0.0
nuclear,nep_brayton,mars_crew_fast,my_pilot_nuclear,sac,0,0.0
nuclear,nep_brayton,mars_crew_fast,my_pilot_nuclear,sac,1,0.0
nuclear,nep_brayton,mars_crew_fast,my_pilot_nuclear,sac,2,21.25
nuclear,nep_brayton,mars_crew_fast,my_pilot_nuclear,sac,3,0.0
nuclear,nep_brayton,mars_crew_fast,my_pilot_nuclear,sac,4,0.0
nuclear,nep_brayton,mars_crew_fast,my_pilot_nuclear,sac,5,0.0
nuclear,nep_brayton,mars_crew_fast,my_pilot_nuclear,sac,6,0.0
nuclear,nep_brayton,mars_crew_fast,my_pilot_nuclear,sac,7,0.0
nuclear,ntp_nerva,mars_crew_fast,my_pilot_nuclear,max_thrust,0,0.0
nuclear,ntp_nerva,mars_crew_fast,my_pilot_nuclear,max_thrust,1,0.0
nuclear,ntp_nerva,mars_crew_fast,my_pilot_nuclear,max_thrust,2,0.0
nuclear,ntp_nerva,mars_crew_fast,my_pilot_nuclear,max_thrust,3,0.0
nuclear,ntp_nerva,mars_crew_fast,my_pilot_nuclear,max_thrust,4,0.0
nuclear,ntp_nerva,mars_crew_fast,my_pilot_nuclear,max_thrust,5,0.0
nuclear,ntp_nerva,mars_crew_fast,my_pilot_nuclear,max_thrust,6,0.0
nuclear,ntp_nerva,mars_crew_fast,my_pilot_nuclear,max_thrust,7,0.0
nuclear,ntp_nerva,mars_crew_fast,my_pilot_nuclear,ppo,0,0.0
nuclear,ntp_nerva,mars_crew_fast,my_pilot_nuclear,ppo,1,0.0
nuclear,ntp_nerva,mars_crew_fast,my_pilot_nuclear,ppo,2,0.0
nuclear,ntp_nerva,mars_crew_fast,my_pilot_nuclear,ppo,3,0.0
nuclear,ntp_nerva,mars_crew_fast,my_pilot_nuclear,ppo,4,0.0
nuclear,ntp_nerva,mars_crew_fast,my_pilot_nuclear,ppo,5,0.0
nuclear,ntp_nerva,mars_crew_fast,my_pilot_nuclear,ppo,6,0.0
nuclear,ntp_nerva,mars_crew_fast,my_pilot_nuclear,ppo,7,0.0
nuclear,ntp_nerva,mars_crew_fast,my_pilot_nuclear,prograde,0,0.0
nuclear,ntp_nerva,mars_crew_fast,my_pilot_nuclear,prograde,1,0.0
nuclear,ntp_nerva,mars_crew_fast,my_pilot_nuclear,prograde,2,0.0
nuclear,ntp_nerva,mars_crew_fast,my_pilot_nuclear,prograde,3,0.0
nuclear,ntp_nerva,mars_crew_fast,my_pilot_nuclear,prograde,4,0.0
nuclear,ntp_nerva,mars_crew_fast,my_pilot_nuclear,prograde,5,0.0
nuclear,ntp_nerva,mars_crew_fast,my_pilot_nuclear,prograde,6,0.0
nuclear,ntp_nerva,mars_crew_fast,my_pilot_nuclear,prograde,7,0.0
nuclear,ntp_nerva,mars_crew_fast,my_pilot_nuclear,random,0,0.0
nuclear,ntp_nerva,mars_crew_fast,my_pilot_nuclear,random,1,0.0
nuclear,ntp_nerva,mars_crew_fast,my_pilot_nuclear,random,2,0.0
nuclear,ntp_nerva,mars_crew_fast,my_pilot_nuclear,random,3,0.0
nuclear,ntp_nerva,mars_crew_fast,my_pilot_nuclear,random,4,0.0
nuclear,ntp_nerva,mars_crew_fast,my_pilot_nuclear,random,5,0.0
nuclear,ntp_nerva,mars_crew_fast,my_pilot_nuclear,random,6,0.0
nuclear,ntp_nerva,mars_crew_fast,my_pilot_nuclear,random,7,0.0
nuclear,ntp_nerva,mars_crew_fast,my_pilot_nuclear,sac,0,0.0
nuclear,ntp_nerva,mars_crew_fast,my_pilot_nuclear,sac,1,0.0
nuclear,ntp_nerva,mars_crew_fast,my_pilot_nuclear,sac,2,0.0
nuclear,ntp_nerva,mars_crew_fast,my_pilot_nuclear,sac,3,0.0
nuclear,ntp_nerva,mars_crew_fast,my_pilot_nuclear,sac,4,0.0
nuclear,ntp_nerva,mars_crew_fast,my_pilot_nuclear,sac,5,0.0
nuclear,ntp_nerva,mars_crew_fast,my_pilot_nuclear,sac,6,0.0
nuclear,ntp_nerva,mars_crew_fast,my_pilot_nuclear,sac,7,0.0
nuclear,ntp_pewee,mars_crew_fast,my_pilot_nuclear,max_thrust,0,0.0
nuclear,ntp_pewee,mars_crew_fast,my_pilot_nuclear,max_thrust,1,0.0
nuclear,ntp_pewee,mars_crew_fast,my_pilot_nuclear,max_thrust,2,0.0
nuclear,ntp_pewee,mars_crew_fast,my_pilot_nuclear,max_thrust,3,0.0
nuclear,ntp_pewee,mars_crew_fast,my_pilot_nuclear,max_thrust,4,0.0
nuclear,ntp_pewee,mars_crew_fast,my_pilot_nuclear,max_thrust,5,0.0
nuclear,ntp_pewee,mars_crew_fast,my_pilot_nuclear,max_thrust,6,0.0
nuclear,ntp_pewee,mars_crew_fast,my_pilot_nuclear,max_thrust,7,0.0
nuclear,ntp_pewee,mars_crew_fast,my_pilot_nuclear,ppo,0,0.0
nuclear,ntp_pewee,mars_crew_fast,my_pilot_nuclear,ppo,1,0.0
nuclear,ntp_pewee,mars_crew_fast,my_pilot_nuclear,ppo,2,0.0
nuclear,ntp_pewee,mars_crew_fast,my_pilot_nuclear,ppo,3,0.0
nuclear,ntp_pewee,mars_crew_fast,my_pilot_nuclear,ppo,4,0.0
nuclear,ntp_pewee,mars_crew_fast,my_pilot_nuclear,ppo,5,0.0
nuclear,ntp_pewee,mars_crew_fast,my_pilot_nuclear,ppo,6,0.0
nuclear,ntp_pewee,mars_crew_fast,my_pilot_nuclear,ppo,7,0.0
nuclear,ntp_pewee,mars_crew_fast,my_pilot_nuclear,prograde,0,0.0
nuclear,ntp_pewee,mars_crew_fast,my_pilot_nuclear,prograde,1,0.0
nuclear,ntp_pewee,mars_crew_fast,my_pilot_nuclear,prograde,2,0.0
nuclear,ntp_pewee,mars_crew_fast,my_pilot_nuclear,prograde,3,0.0
nuclear,ntp_pewee,mars_crew_fast,my_pilot_nuclear,prograde,4,0.0
nuclear,ntp_pewee,mars_crew_fast,my_pilot_nuclear,prograde,5,0.0
nuclear,ntp_pewee,mars_crew_fast,my_pilot_nuclear,prograde,6,0.0
nuclear,ntp_pewee,mars_crew_fast,my_pilot_nuclear,prograde,7,0.0
nuclear,ntp_pewee,mars_crew_fast,my_pilot_nuclear,random,0,0.0
nuclear,ntp_pewee,mars_crew_fast,my_pilot_nuclear,random,1,0.0
nuclear,ntp_pewee,mars_crew_fast,my_pilot_nuclear,random,2,0.0
nuclear,ntp_pewee,mars_crew_fast,my_pilot_nuclear,random,3,0.0
nuclear,ntp_pewee,mars_crew_fast,my_pilot_nuclear,random,4,0.0
nuclear,ntp_pewee,mars_crew_fast,my_pilot_nuclear,random,5,0.0
nuclear,ntp_pewee,mars_crew_fast,my_pilot_nuclear,random,6,0.0
nuclear,ntp_pewee,mars_crew_fast,my_pilot_nuclear,random,7,0.0
nuclear,ntp_pewee,mars_crew_fast,my_pilot_nuclear,sac,0,0.0
nuclear,ntp_pewee,mars_crew_fast,my_pilot_nuclear,sac,1,0.0
nuclear,ntp_pewee,mars_crew_fast,my_pilot_nuclear,sac,2,0.0
nuclear,ntp_pewee,mars_crew_fast,my_pilot_nuclear,sac,3,0.0
nuclear,ntp_pewee,mars_crew_fast,my_pilot_nuclear,sac,4,0.0
nuclear,ntp_pewee,mars_crew_fast,my_pilot_nuclear,sac,5,0.0
nuclear,ntp_pewee,mars_crew_fast,my_pilot_nuclear,sac,6,0.0
nuclear,ntp_pewee,mars_crew_fast,my_pilot_nuclear,sac,7,0.0
nuclear,nep_kilopower,leo_geo_transfer,smoke,max_thrust,0,0.0
nuclear,nep_kilopower,leo_geo_transfer,smoke,max_thrust,1,0.0
nuclear,nep_kilopower,leo_geo_transfer,smoke,max_thrust,2,0.0
nuclear,nep_kilopower,leo_geo_transfer,smoke,ppo,0,0.0
nuclear,nep_kilopower,leo_geo_transfer,smoke,ppo,1,0.0
nuclear,nep_kilopower,leo_geo_transfer,smoke,ppo,2,0.0
nuclear,nep_kilopower,leo_geo_transfer,smoke,random,0,0.0
nuclear,nep_kilopower,leo_geo_transfer,smoke,random,1,0.0
nuclear,nep_kilopower,leo_geo_transfer,smoke,random,2,0.0
nuclear,ntp_pewee,leo_geo_transfer,smoke,max_thrust,0,0.0
nuclear,ntp_pewee,leo_geo_transfer,smoke,max_thrust,1,0.0
nuclear,ntp_pewee,leo_geo_transfer,smoke,max_thrust,2,0.0
nuclear,ntp_pewee,leo_geo_transfer,smoke,ppo,0,0.0
nuclear,ntp_pewee,leo_geo_transfer,smoke,ppo,1,0.0
nuclear,ntp_pewee,leo_geo_transfer,smoke,ppo,2,0.0
nuclear,ntp_pewee,leo_geo_transfer,smoke,random,0,0.0
nuclear,ntp_pewee,leo_geo_transfer,smoke,random,1,0.25
nuclear,ntp_pewee,leo_geo_transfer,smoke,random,2,0.25
